id,outcome
0,Withdrawn
1,Pass
2,Withdrawn
3,Fail
4,Pass
5,Withdrawn
6,Pass
7,Fail
8,Withdrawn
9,Fail
10,Fail
11,Pass
12,Pass
13,Withdrawn
14,Pass
15,Withdrawn
16,Pass
17,Pass
18,Pass
19,Withdrawn
20,Withdrawn
21,Pass
22,Pass
23,Pass
24,Pass
25,Fail
26,Withdrawn
27,Pass
28,Fail
29,Pass
30,Pass
31,Withdrawn
32,Fail
33,Pass
34,Withdrawn
35,Pass
36,Pass
37,Pass
38,Withdrawn
39,Pass
40,Fail
41,Withdrawn
42,Pass
43,Withdrawn
44,Fail
45,Fail
46,Pass
47,Pass
48,Pass
49,Pass
50,Fail
51,Pass
52,Pass
53,Withdrawn
54,Pass
55,Withdrawn
56,Pass
57,Withdrawn
58,Pass
59,Withdrawn
60,Pass
61,Fail
62,Fail
63,Pass
64,Pass
65,Withdrawn
66,Pass
67,Pass
68,Pass
69,Withdrawn
70,Fail
71,Pass
72,Withdrawn
73,Pass
74,Withdrawn
75,Withdrawn
76,Withdrawn
77,Pass
78,Fail
79,Pass
80,Withdrawn
81,Fail
82,Pass
83,Withdrawn
84,Pass
85,Pass
86,Fail
87,Pass
88,Pass
89,Withdrawn
90,Pass
91,Withdrawn
92,Pass
93,Withdrawn
94,Withdrawn
95,Pass
96,Pass
97,Pass
98,Withdrawn
99,Pass
100,Pass
101,Pass
102,Withdrawn
103,Withdrawn
104,Pass
105,Pass
106,Withdrawn
107,Pass
108,Pass
109,Pass
110,Withdrawn
111,Pass
112,Withdrawn
113,Fail
114,Pass
115,Pass
116,Fail
117,Fail
118,Pass
119,Pass
120,Fail
121,Pass
122,Pass
123,Withdrawn
124,Pass
125,Pass
126,Withdrawn
127,Withdrawn
128,Pass
129,Pass
130,Fail
131,Withdrawn
132,Withdrawn
133,Pass
134,Pass
135,Withdrawn
136,Withdrawn
137,Withdrawn
138,Pass
139,Pass
140,Pass
141,Withdrawn
142,Pass
143,Pass
144,Pass
145,Pass
146,Pass
147,Pass
148,Pass
149,Pass
150,Pass
151,Pass
152,Withdrawn
153,Pass
154,Fail
155,Withdrawn
156,Withdrawn
157,Pass
158,Pass
159,Pass
160,Withdrawn
161,Pass
162,Pass
163,Withdrawn
164,Withdrawn
165,Pass
166,Pass
167,Fail
168,Fail
169,Pass
170,Pass
171,Pass
172,Pass
173,Pass
174,Pass
175,Pass
176,Fail
177,Pass
178,Pass
179,Withdrawn
180,Pass
181,Pass
182,Pass
183,Pass
184,Pass
185,Pass
186,Pass
187,Fail
188,Pass
189,Pass
190,Pass
191,Pass
192,Withdrawn
193,Fail
194,Pass
195,Fail
196,Pass
197,Fail
198,Withdrawn
199,Pass
200,Pass
201,Fail
202,Withdrawn
203,Pass
204,Withdrawn
205,Pass
206,Pass
207,Withdrawn
208,Pass
209,Pass
210,Pass
211,Withdrawn
212,Fail
213,Withdrawn
214,Pass
215,Pass
216,Withdrawn
217,Fail
218,Pass
219,Pass
220,Pass
221,Pass
222,Withdrawn
223,Pass
224,Pass
225,Pass
226,Pass
227,Withdrawn
228,Withdrawn
229,Fail
230,Pass
231,Pass
232,Withdrawn
233,Fail
234,Pass
235,Fail
236,Pass
237,Pass
238,Pass
239,Pass
240,Pass
241,Withdrawn
242,Withdrawn
243,Withdrawn
244,Fail
245,Fail
246,Fail
247,Fail
248,Pass
249,Fail
250,Pass
251,Pass
252,Pass
253,Pass
254,Fail
255,Fail
256,Pass
257,Pass
258,Pass
259,Pass
260,Pass
261,Fail
262,Pass
263,Pass
264,Pass
265,Withdrawn
266,Pass
267,Withdrawn
268,Pass
269,Withdrawn
270,Pass
271,Pass
272,Pass
273,Fail
274,Fail
275,Pass
276,Pass
277,Withdrawn
278,Pass
279,Fail
280,Withdrawn
281,Pass
282,Pass
283,Withdrawn
284,Withdrawn
285,Withdrawn
286,Pass
287,Withdrawn
288,Pass
289,Withdrawn
290,Pass
291,Pass
292,Pass
293,Pass
294,Fail
295,Pass
296,Fail
297,Pass
298,Withdrawn
299,Pass
300,Pass
301,Pass
302,Pass
303,Pass
304,Pass
305,Pass
306,Fail
307,Withdrawn
308,Pass
309,Pass
310,Pass
311,Pass
312,Pass
313,Fail
314,Pass
315,Pass
316,Withdrawn
317,Pass
318,Pass
319,Pass
320,Withdrawn
321,Pass
322,Pass
323,Pass
324,Pass
325,Fail
326,Fail
327,Withdrawn
328,Pass
329,Withdrawn
330,Fail
331,Pass
332,Withdrawn
333,Withdrawn
334,Pass
335,Pass
336,Pass
337,Withdrawn
338,Withdrawn
339,Fail
340,Pass
341,Withdrawn
342,Withdrawn
343,Pass
344,Withdrawn
345,Withdrawn
346,Pass
347,Withdrawn
348,Pass
349,Pass
350,Pass
351,Fail
352,Withdrawn
353,Fail
354,Fail
355,Withdrawn
356,Pass
357,Withdrawn
358,Fail
359,Pass
360,Withdrawn
361,Fail
362,Pass
363,Fail
364,Withdrawn
365,Pass
366,Pass
367,Pass
368,Withdrawn
369,Pass
370,Withdrawn
371,Pass
372,Fail
373,Pass
374,Fail
375,Withdrawn
376,Fail
377,Pass
378,Fail
379,Withdrawn
380,Pass
381,Pass
382,Withdrawn
383,Withdrawn
384,Pass
385,Pass
386,Fail
387,Pass
388,Pass
389,Pass
390,Pass
391,Pass
392,Withdrawn
393,Pass
394,Withdrawn
395,Pass
396,Withdrawn
397,Withdrawn
398,Pass
399,Withdrawn
400,Pass
401,Withdrawn
402,Withdrawn
403,Fail
404,Pass
405,Pass
406,Pass
407,Pass
408,Withdrawn
409,Withdrawn
410,Pass
411,Pass
412,Pass
413,Withdrawn
414,Pass
415,Pass
416,Withdrawn
417,Withdrawn
418,Withdrawn
419,Pass
420,Fail
421,Withdrawn
422,Withdrawn
423,Pass
424,Pass
425,Withdrawn
426,Pass
427,Withdrawn
428,Pass
429,Pass
430,Pass
431,Fail
432,Pass
433,Pass
434,Pass
435,Withdrawn
436,Withdrawn
437,Withdrawn
438,Withdrawn
439,Pass
440,Withdrawn
441,Withdrawn
442,Withdrawn
443,Pass
444,Pass
445,Pass
446,Pass
447,Fail
448,Withdrawn
449,Fail
450,Withdrawn
451,Pass
452,Pass
453,Withdrawn
454,Withdrawn
455,Withdrawn
456,Fail
457,Pass
458,Pass
459,Withdrawn
460,Fail
461,Fail
462,Pass
463,Withdrawn
464,Withdrawn
465,Pass
466,Pass
467,Fail
468,Withdrawn
469,Pass
470,Pass
471,Fail
472,Pass
473,Pass
474,Pass
475,Pass
476,Fail
477,Pass
478,Fail
479,Withdrawn
480,Pass
481,Pass
482,Pass
483,Pass
484,Pass
485,Fail
486,Withdrawn
487,Withdrawn
488,Pass
489,Pass
490,Fail
491,Withdrawn
492,Withdrawn
493,Pass
494,Pass
495,Pass
496,Pass
497,Pass
498,Withdrawn
499,Pass
500,Pass
501,Withdrawn
502,Pass
503,Pass
504,Withdrawn
505,Pass
506,Fail
507,Fail
508,Pass
509,Pass
510,Withdrawn
511,Fail
512,Pass
513,Withdrawn
514,Fail
515,Withdrawn
516,Withdrawn
517,Withdrawn
518,Pass
519,Fail
520,Withdrawn
521,Pass
522,Pass
523,Pass
524,Pass
525,Pass
526,Withdrawn
527,Withdrawn
528,Withdrawn
529,Pass
530,Pass
531,Pass
532,Pass
533,Pass
534,Withdrawn
535,Pass
536,Withdrawn
537,Pass
538,Fail
539,Pass
540,Withdrawn
541,Withdrawn
542,Pass
543,Pass
544,Fail
545,Pass
546,Pass
547,Withdrawn
548,Pass
549,Pass
550,Withdrawn
551,Pass
552,Withdrawn
553,Fail
554,Pass
555,Withdrawn
556,Withdrawn
557,Withdrawn
558,Withdrawn
559,Withdrawn
560,Pass
561,Withdrawn
562,Pass
563,Pass
564,Fail
565,Pass
566,Withdrawn
567,Withdrawn
568,Pass
569,Pass
570,Pass
571,Pass
572,Pass
573,Pass
574,Fail
575,Pass
576,Withdrawn
577,Withdrawn
578,Pass
579,Withdrawn
580,Pass
581,Withdrawn
582,Withdrawn
583,Withdrawn
584,Pass
585,Fail
586,Pass
587,Fail
588,Pass
589,Pass
590,Pass
591,Withdrawn
592,Pass
593,Pass
594,Withdrawn
595,Fail
596,Pass
597,Pass
598,Pass
599,Pass
600,Pass
601,Withdrawn
602,Withdrawn
603,Pass
604,Pass
605,Pass
606,Pass
607,Fail
608,Fail
609,Pass
610,Pass
611,Pass
612,Fail
613,Pass
614,Withdrawn
615,Fail
616,Withdrawn
617,Pass
618,Pass
619,Pass
620,Fail
621,Withdrawn
622,Pass
623,Fail
624,Withdrawn
625,Withdrawn
626,Withdrawn
627,Fail
628,Withdrawn
629,Pass
630,Pass
631,Pass
632,Pass
633,Fail
634,Withdrawn
635,Withdrawn
636,Withdrawn
637,Fail
638,Pass
639,Pass
640,Pass
641,Withdrawn
642,Withdrawn
643,Withdrawn
644,Pass
645,Pass
646,Pass
647,Withdrawn
648,Pass
649,Pass
650,Pass
651,Pass
652,Withdrawn
653,Pass
654,Pass
655,Withdrawn
656,Pass
657,Pass
658,Withdrawn
659,Fail
660,Pass
661,Fail
662,Pass
663,Pass
664,Pass
665,Pass
666,Pass
667,Pass
668,Fail
669,Pass
670,Withdrawn
671,Withdrawn
672,Pass
673,Withdrawn
674,Fail
675,Withdrawn
676,Pass
677,Pass
678,Pass
679,Pass
680,Pass
681,Pass
682,Pass
683,Pass
684,Withdrawn
685,Pass
686,Pass
687,Fail
688,Withdrawn
689,Withdrawn
690,Fail
691,Pass
692,Pass
693,Pass
694,Pass
695,Fail
696,Withdrawn
697,Pass
698,Withdrawn
699,Withdrawn
700,Pass
701,Withdrawn
702,Withdrawn
703,Withdrawn
704,Fail
705,Pass
706,Pass
707,Withdrawn
708,Pass
709,Pass
710,Pass
711,Pass
712,Fail
713,Pass
714,Pass
715,Pass
716,Pass
717,Pass
718,Pass
719,Fail
720,Pass
721,Pass
722,Withdrawn
723,Withdrawn
724,Pass
725,Withdrawn
726,Pass
727,Withdrawn
728,Fail
729,Withdrawn
730,Fail
731,Withdrawn
732,Pass
733,Fail
734,Pass
735,Withdrawn
736,Pass
737,Pass
738,Pass
739,Withdrawn
740,Fail
741,Pass
742,Withdrawn
743,Withdrawn
744,Fail
745,Pass
746,Withdrawn
747,Withdrawn
748,Withdrawn
749,Pass
750,Pass
751,Pass
752,Withdrawn
753,Withdrawn
754,Pass
755,Withdrawn
756,Pass
757,Fail
758,Withdrawn
759,Fail
760,Withdrawn
761,Pass
762,Fail
763,Pass
764,Pass
765,Pass
766,Fail
767,Fail
768,Fail
769,Pass
770,Fail
771,Pass
772,Pass
773,Pass
774,Fail
775,Withdrawn
776,Pass
777,Pass
778,Pass
779,Fail
780,Pass
781,Pass
782,Fail
783,Pass
784,Pass
785,Fail
786,Fail
787,Pass
788,Withdrawn
789,Pass
790,Withdrawn
791,Fail
792,Pass
793,Fail
794,Pass
795,Pass
796,Withdrawn
797,Fail
798,Pass
799,Withdrawn
800,Fail
801,Fail
802,Withdrawn
803,Pass
804,Fail
805,Pass
806,Withdrawn
807,Pass
808,Withdrawn
809,Pass
810,Fail
811,Pass
812,Pass
813,Fail
814,Fail
815,Pass
816,Pass
817,Withdrawn
818,Pass
819,Pass
820,Pass
821,Withdrawn
822,Pass
823,Pass
824,Pass
825,Pass
826,Fail
827,Pass
828,Pass
829,Pass
830,Fail
831,Fail
832,Pass
833,Pass
834,Pass
835,Pass
836,Pass
837,Fail
838,Withdrawn
839,Fail
840,Fail
841,Withdrawn
842,Pass
843,Pass
844,Pass
845,Withdrawn
846,Pass
847,Withdrawn
848,Pass
849,Fail
850,Withdrawn
851,Pass
852,Withdrawn
853,Pass
854,Pass
855,Pass
856,Pass
857,Withdrawn
858,Withdrawn
859,Pass
860,Pass
861,Pass
862,Pass
863,Pass
864,Withdrawn
865,Pass
866,Pass
867,Withdrawn
868,Pass
869,Withdrawn
870,Pass
871,Withdrawn
872,Pass
873,Pass
874,Fail
875,Pass
876,Pass
877,Pass
878,Pass
879,Fail
880,Withdrawn
881,Pass
882,Pass
883,Withdrawn
884,Pass
885,Withdrawn
886,Withdrawn
887,Fail
888,Pass
889,Pass
890,Withdrawn
891,Fail
892,Pass
893,Fail
894,Withdrawn
895,Fail
896,Pass
897,Pass
898,Pass
899,Pass
900,Pass
901,Fail
902,Pass
903,Pass
904,Pass
905,Pass
906,Withdrawn
907,Pass
908,Pass
909,Pass
910,Pass
911,Pass
912,Pass
913,Fail
914,Withdrawn
915,Pass
916,Pass
917,Fail
918,Pass
919,Fail
920,Pass
921,Pass
922,Pass
923,Pass
924,Pass
925,Pass
926,Pass
927,Fail
928,Pass
929,Pass
930,Fail
931,Fail
932,Pass
933,Pass
934,Withdrawn
935,Pass
936,Pass
937,Withdrawn
938,Withdrawn
939,Pass
940,Withdrawn
941,Withdrawn
942,Pass
943,Withdrawn
944,Withdrawn
945,Pass
946,Pass
947,Withdrawn
948,Fail
949,Fail
950,Pass
951,Withdrawn
952,Withdrawn
953,Withdrawn
954,Pass
955,Withdrawn
956,Pass
957,Pass
958,Fail
959,Withdrawn
960,Withdrawn
961,Pass
962,Pass
963,Withdrawn
964,Pass
965,Pass
966,Fail
967,Pass
968,Pass
969,Pass
970,Pass
971,Pass
972,Pass
973,Pass
974,Pass
975,Pass
976,Pass
977,Pass
978,Withdrawn
979,Fail
980,Fail
981,Pass
982,Withdrawn
983,Withdrawn
984,Fail
985,Fail
986,Pass
987,Withdrawn
988,Fail
989,Withdrawn
990,Pass
991,Pass
992,Pass
993,Pass
994,Withdrawn
995,Pass
996,Fail
997,Fail
998,Pass
999,Pass
1000,Fail
1001,Fail
1002,Withdrawn
1003,Fail
1004,Pass
1005,Pass
1006,Pass
1007,Pass
1008,Pass
1009,Withdrawn
1010,Pass
1011,Pass
1012,Withdrawn
1013,Pass
1014,Withdrawn
1015,Pass
1016,Pass
1017,Pass
1018,Fail
1019,Pass
1020,Pass
1021,Pass
1022,Withdrawn
1023,Pass
1024,Fail
1025,Pass
1026,Pass
1027,Withdrawn
1028,Pass
1029,Pass
1030,Withdrawn
1031,Withdrawn
1032,Fail
1033,Fail
1034,Pass
1035,Pass
1036,Pass
1037,Pass
1038,Fail
1039,Pass
1040,Withdrawn
1041,Pass
1042,Pass
1043,Pass
1044,Fail
1045,Pass
1046,Withdrawn
1047,Fail
1048,Pass
1049,Withdrawn
1050,Withdrawn
1051,Pass
1052,Withdrawn
1053,Pass
1054,Pass
1055,Pass
1056,Pass
1057,Withdrawn
1058,Pass
1059,Pass
1060,Pass
1061,Withdrawn
1062,Pass
1063,Fail
1064,Withdrawn
1065,Withdrawn
1066,Pass
1067,Pass
1068,Pass
1069,Pass
1070,Pass
1071,Withdrawn
1072,Pass
1073,Withdrawn
1074,Fail
1075,Pass
1076,Fail
1077,Pass
1078,Pass
1079,Withdrawn
1080,Withdrawn
1081,Withdrawn
1082,Pass
1083,Withdrawn
1084,Fail
1085,Pass
1086,Pass
1087,Withdrawn
1088,Pass
1089,Pass
1090,Fail
1091,Pass
1092,Withdrawn
1093,Pass
1094,Pass
1095,Pass
1096,Withdrawn
1097,Pass
1098,Withdrawn
1099,Pass
1100,Pass
1101,Withdrawn
1102,Pass
1103,Pass
1104,Withdrawn
1105,Pass
1106,Fail
1107,Pass
1108,Pass
1109,Pass
1110,Pass
1111,Withdrawn
1112,Fail
1113,Withdrawn
1114,Withdrawn
1115,Withdrawn
1116,Withdrawn
1117,Pass
1118,Pass
1119,Withdrawn
1120,Fail
1121,Pass
1122,Fail
1123,Pass
1124,Pass
1125,Pass
1126,Pass
1127,Withdrawn
1128,Withdrawn
1129,Pass
1130,Withdrawn
1131,Pass
1132,Pass
1133,Pass
1134,Pass
1135,Withdrawn
1136,Withdrawn
1137,Pass
1138,Pass
1139,Pass
1140,Fail
1141,Pass
1142,Pass
1143,Pass
1144,Withdrawn
1145,Fail
1146,Pass
1147,Fail
1148,Pass
1149,Withdrawn
1150,Fail
1151,Withdrawn
1152,Pass
1153,Pass
1154,Pass
1155,Pass
1156,Pass
1157,Withdrawn
1158,Pass
1159,Pass
1160,Pass
1161,Withdrawn
1162,Pass
1163,Fail
1164,Pass
1165,Pass
1166,Fail
1167,Pass
1168,Pass
1169,Pass
1170,Pass
1171,Withdrawn
1172,Withdrawn
1173,Pass
1174,Pass
1175,Pass
1176,Pass
1177,Pass
1178,Fail
1179,Pass
1180,Pass
1181,Pass
1182,Withdrawn
1183,Pass
1184,Pass
1185,Fail
1186,Withdrawn
1187,Pass
1188,Pass
1189,Fail
1190,Withdrawn
1191,Withdrawn
1192,Pass
1193,Withdrawn
1194,Withdrawn
1195,Pass
1196,Withdrawn
1197,Pass
1198,Withdrawn
1199,Pass
1200,Pass
1201,Pass
1202,Pass
1203,Fail
1204,Withdrawn
1205,Withdrawn
1206,Pass
1207,Fail
1208,Pass
1209,Pass
1210,Pass
1211,Pass
1212,Pass
1213,Withdrawn
1214,Fail
1215,Withdrawn
1216,Fail
1217,Pass
1218,Fail
1219,Pass
1220,Pass
1221,Pass
1222,Pass
1223,Pass
1224,Pass
1225,Withdrawn
1226,Pass
1227,Fail
1228,Pass
1229,Pass
1230,Withdrawn
1231,Pass
1232,Withdrawn
1233,Pass
1234,Pass
1235,Fail
1236,Withdrawn
1237,Pass
1238,Withdrawn
1239,Pass
1240,Withdrawn
1241,Withdrawn
1242,Pass
1243,Pass
1244,Withdrawn
1245,Withdrawn
1246,Pass
1247,Withdrawn
1248,Fail
1249,Withdrawn
1250,Fail
1251,Pass
1252,Pass
1253,Withdrawn
1254,Pass
1255,Pass
1256,Withdrawn
1257,Pass
1258,Pass
1259,Pass
1260,Pass
1261,Withdrawn
1262,Pass
1263,Pass
1264,Pass
1265,Withdrawn
1266,Fail
1267,Pass
1268,Withdrawn
1269,Fail
1270,Fail
1271,Withdrawn
1272,Withdrawn
1273,Pass
1274,Pass
1275,Fail
1276,Withdrawn
1277,Withdrawn
1278,Withdrawn
1279,Withdrawn
1280,Pass
1281,Withdrawn
1282,Withdrawn
1283,Fail
1284,Pass
1285,Pass
1286,Pass
1287,Pass
1288,Fail
1289,Pass
1290,Pass
1291,Pass
1292,Pass
1293,Pass
1294,Pass
1295,Pass
1296,Pass
1297,Fail
1298,Withdrawn
1299,Pass
1300,Pass
1301,Pass
1302,Withdrawn
1303,Pass
1304,Pass
1305,Pass
1306,Withdrawn
1307,Pass
1308,Pass
1309,Withdrawn
1310,Fail
1311,Fail
1312,Withdrawn
1313,Pass
1314,Pass
1315,Pass
1316,Pass
1317,Withdrawn
1318,Fail
1319,Fail
1320,Pass
1321,Withdrawn
1322,Pass
1323,Withdrawn
1324,Pass
1325,Withdrawn
1326,Withdrawn
1327,Fail
1328,Pass
1329,Pass
1330,Withdrawn
1331,Pass
1332,Pass
1333,Fail
1334,Pass
1335,Pass
1336,Fail
1337,Withdrawn
1338,Withdrawn
1339,Pass
1340,Pass
1341,Fail
1342,Pass
1343,Pass
1344,Withdrawn
1345,Pass
1346,Pass
1347,Withdrawn
1348,Pass
1349,Pass
1350,Withdrawn
1351,Pass
1352,Withdrawn
1353,Pass
1354,Pass
1355,Pass
1356,Fail
1357,Withdrawn
1358,Pass
1359,Pass
1360,Pass
1361,Pass
1362,Pass
1363,Pass
1364,Withdrawn
1365,Withdrawn
1366,Fail
1367,Pass
1368,Pass
1369,Fail
1370,Fail
1371,Fail
1372,Withdrawn
1373,Pass
1374,Withdrawn
1375,Pass
1376,Pass
1377,Withdrawn
1378,Pass
1379,Withdrawn
1380,Pass
1381,Pass
1382,Fail
1383,Fail
1384,Pass
1385,Pass
1386,Fail
1387,Fail
1388,Withdrawn
1389,Pass
1390,Pass
1391,Fail
1392,Pass
1393,Withdrawn
1394,Pass
1395,Pass
1396,Pass
1397,Withdrawn
1398,Pass
1399,Pass
1400,Fail
1401,Pass
1402,Fail
1403,Fail
1404,Withdrawn
1405,Pass
1406,Pass
1407,Fail
1408,Pass
1409,Fail
1410,Withdrawn
1411,Withdrawn
1412,Pass
1413,Fail
1414,Pass
1415,Pass
1416,Pass
1417,Pass
1418,Withdrawn
1419,Pass
1420,Withdrawn
1421,Pass
1422,Pass
1423,Fail
1424,Withdrawn
1425,Pass
1426,Pass
1427,Pass
1428,Pass
1429,Fail
1430,Pass
1431,Pass
1432,Pass
1433,Fail
1434,Pass
1435,Pass
1436,Pass
1437,Withdrawn
1438,Pass
1439,Pass
1440,Fail
1441,Pass
1442,Withdrawn
1443,Withdrawn
1444,Withdrawn
1445,Pass
1446,Pass
1447,Withdrawn
1448,Pass
1449,Pass
1450,Withdrawn
1451,Pass
1452,Pass
1453,Withdrawn
1454,Pass
1455,Fail
1456,Pass
1457,Fail
1458,Pass
1459,Fail
1460,Pass
1461,Fail
1462,Pass
1463,Pass
1464,Pass
1465,Withdrawn
1466,Fail
1467,Pass
1468,Fail
1469,Pass
1470,Pass
1471,Fail
1472,Fail
1473,Pass
1474,Pass
1475,Pass
1476,Pass
1477,Pass
1478,Withdrawn
1479,Pass
1480,Pass
1481,Withdrawn
1482,Pass
1483,Pass
1484,Withdrawn
1485,Fail
1486,Withdrawn
1487,Pass
1488,Pass
1489,Pass
1490,Withdrawn
1491,Withdrawn
1492,Pass
1493,Withdrawn
1494,Withdrawn
1495,Pass
1496,Pass
1497,Pass
1498,Pass
1499,Pass
1500,Fail
1501,Withdrawn
1502,Pass
1503,Pass
1504,Pass
1505,Fail
1506,Pass
1507,Pass
1508,Pass
1509,Withdrawn
1510,Withdrawn
1511,Pass
1512,Withdrawn
1513,Pass
1514,Pass
1515,Pass
1516,Withdrawn
1517,Fail
1518,Pass
1519,Withdrawn
1520,Withdrawn
1521,Pass
1522,Pass
1523,Pass
1524,Withdrawn
1525,Pass
1526,Pass
1527,Pass
1528,Pass
1529,Fail
1530,Pass
1531,Pass
1532,Pass
1533,Pass
1534,Pass
1535,Pass
1536,Withdrawn
1537,Pass
1538,Pass
1539,Pass
1540,Pass
1541,Withdrawn
1542,Withdrawn
1543,Withdrawn
1544,Pass
1545,Pass
1546,Pass
1547,Pass
1548,Fail
1549,Fail
1550,Withdrawn
1551,Pass
1552,Withdrawn
1553,Pass
1554,Fail
1555,Pass
1556,Pass
1557,Pass
1558,Withdrawn
1559,Withdrawn
1560,Fail
1561,Fail
1562,Fail
1563,Withdrawn
1564,Fail
1565,Pass
1566,Withdrawn
1567,Pass
1568,Withdrawn
1569,Pass
1570,Pass
1571,Withdrawn
1572,Fail
1573,Pass
1574,Pass
1575,Withdrawn
1576,Pass
1577,Pass
1578,Pass
1579,Fail
1580,Withdrawn
1581,Pass
1582,Withdrawn
1583,Withdrawn
1584,Pass
1585,Pass
1586,Pass
1587,Pass
1588,Withdrawn
1589,Pass
1590,Pass
1591,Withdrawn
1592,Pass
1593,Pass
1594,Withdrawn
1595,Pass
1596,Pass
1597,Fail
1598,Withdrawn
1599,Pass
1600,Withdrawn
1601,Withdrawn
1602,Pass
1603,Fail
1604,Pass
1605,Withdrawn
1606,Pass
1607,Pass
1608,Pass
1609,Pass
1610,Withdrawn
1611,Withdrawn
1612,Withdrawn
1613,Pass
1614,Pass
1615,Withdrawn
1616,Pass
1617,Withdrawn
1618,Pass
1619,Pass
1620,Fail
1621,Withdrawn
1622,Pass
1623,Pass
1624,Fail
1625,Withdrawn
1626,Withdrawn
1627,Pass
1628,Fail
1629,Pass
1630,Withdrawn
1631,Fail
1632,Fail
1633,Pass
1634,Pass
1635,Pass
1636,Pass
1637,Withdrawn
1638,Pass
1639,Withdrawn
1640,Pass
1641,Withdrawn
1642,Pass
1643,Fail
1644,Pass
1645,Withdrawn
1646,Pass
1647,Fail
1648,Withdrawn
1649,Pass
1650,Fail
1651,Pass
1652,Withdrawn
1653,Fail
1654,Pass
1655,Pass
1656,Pass
1657,Fail
1658,Fail
1659,Fail
1660,Pass
1661,Pass
1662,Pass
1663,Withdrawn
1664,Pass
1665,Pass
1666,Pass
1667,Pass
1668,Pass
1669,Fail
1670,Pass
1671,Fail
1672,Pass
1673,Pass
1674,Withdrawn
1675,Pass
1676,Pass
1677,Withdrawn
1678,Pass
1679,Withdrawn
1680,Pass
1681,Pass
1682,Pass
1683,Pass
1684,Fail
1685,Pass
1686,Fail
1687,Fail
1688,Pass
1689,Pass
1690,Pass
1691,Fail
1692,Withdrawn
1693,Withdrawn
1694,Pass
1695,Withdrawn
1696,Withdrawn
1697,Pass
1698,Withdrawn
1699,Pass
1700,Withdrawn
1701,Withdrawn
1702,Pass
1703,Fail
1704,Pass
1705,Withdrawn
1706,Pass
1707,Pass
1708,Pass
1709,Fail
1710,Withdrawn
1711,Pass
1712,Pass
1713,Pass
1714,Pass
1715,Pass
1716,Pass
1717,Withdrawn
1718,Pass
1719,Withdrawn
1720,Pass
1721,Pass
1722,Pass
1723,Withdrawn
1724,Fail
1725,Pass
1726,Pass
1727,Withdrawn
1728,Pass
1729,Pass
1730,Pass
1731,Pass
1732,Pass
1733,Pass
1734,Fail
1735,Pass
1736,Withdrawn
1737,Pass
1738,Withdrawn
1739,Pass
1740,Pass
1741,Fail
1742,Withdrawn
1743,Withdrawn
1744,Withdrawn
1745,Withdrawn
1746,Fail
1747,Withdrawn
1748,Fail
1749,Pass
1750,Withdrawn
1751,Fail
1752,Pass
1753,Pass
1754,Withdrawn
1755,Pass
1756,Withdrawn
1757,Withdrawn
1758,Fail
1759,Pass
1760,Fail
1761,Withdrawn
1762,Fail
1763,Fail
1764,Fail
1765,Withdrawn
1766,Fail
1767,Pass
1768,Withdrawn
1769,Pass
1770,Pass
1771,Fail
1772,Withdrawn
1773,Pass
1774,Pass
1775,Fail
1776,Withdrawn
1777,Pass
1778,Fail
1779,Withdrawn
1780,Withdrawn
1781,Pass
1782,Withdrawn
1783,Pass
1784,Pass
1785,Pass
1786,Withdrawn
1787,Pass
1788,Pass
1789,Pass
1790,Fail
1791,Pass
1792,Fail
1793,Fail
1794,Pass
1795,Withdrawn
1796,Fail
1797,Pass
1798,Pass
1799,Fail
1800,Pass
1801,Pass
1802,Pass
1803,Pass
1804,Pass
1805,Pass
1806,Pass
1807,Pass
1808,Pass
1809,Pass
1810,Pass
1811,Fail
1812,Pass
1813,Withdrawn
1814,Fail
1815,Pass
1816,Pass
1817,Withdrawn
1818,Fail
1819,Fail
1820,Pass
1821,Pass
1822,Pass
1823,Pass
1824,Fail
1825,Fail
1826,Pass
1827,Withdrawn
1828,Pass
1829,Pass
1830,Pass
1831,Pass
1832,Fail
1833,Pass
1834,Pass
1835,Pass
1836,Fail
1837,Withdrawn
1838,Pass
1839,Pass
1840,Pass
1841,Withdrawn
1842,Pass
1843,Withdrawn
1844,Pass
1845,Withdrawn
1846,Pass
1847,Pass
1848,Pass
1849,Pass
1850,Pass
1851,Withdrawn
1852,Pass
1853,Withdrawn
1854,Withdrawn
1855,Pass
1856,Pass
1857,Fail
1858,Withdrawn
1859,Withdrawn
1860,Pass
1861,Pass
1862,Pass
1863,Fail
1864,Withdrawn
1865,Fail
1866,Withdrawn
1867,Pass
1868,Pass
1869,Pass
1870,Withdrawn
1871,Fail
1872,Withdrawn
1873,Withdrawn
1874,Fail
1875,Withdrawn
1876,Pass
1877,Fail
1878,Withdrawn
1879,Pass
1880,Pass
1881,Pass
1882,Withdrawn
1883,Pass
1884,Pass
1885,Pass
1886,Pass
1887,Pass
1888,Pass
1889,Pass
1890,Fail
1891,Withdrawn
1892,Pass
1893,Pass
1894,Pass
1895,Withdrawn
1896,Pass
1897,Pass
1898,Pass
1899,Pass
1900,Pass
1901,Pass
1902,Pass
1903,Fail
1904,Pass
1905,Pass
1906,Pass
1907,Pass
1908,Withdrawn
1909,Fail
1910,Pass
1911,Pass
1912,Pass
1913,Pass
1914,Pass
1915,Withdrawn
1916,Pass
1917,Withdrawn
1918,Pass
1919,Pass
1920,Pass
1921,Withdrawn
1922,Pass
1923,Fail
1924,Fail
1925,Withdrawn
1926,Withdrawn
1927,Fail
1928,Withdrawn
1929,Pass
1930,Pass
1931,Fail
1932,Pass
1933,Withdrawn
1934,Fail
1935,Withdrawn
1936,Fail
1937,Fail
1938,Pass
1939,Withdrawn
1940,Pass
1941,Pass
1942,Pass
1943,Pass
1944,Pass
1945,Withdrawn
1946,Withdrawn
1947,Withdrawn
1948,Pass
1949,Withdrawn
1950,Withdrawn
1951,Pass
1952,Fail
1953,Pass
1954,Pass
1955,Fail
1956,Pass
1957,Pass
1958,Pass
1959,Withdrawn
1960,Fail
1961,Pass
1962,Pass
1963,Pass
1964,Pass
1965,Fail
1966,Pass
1967,Pass
1968,Withdrawn
1969,Pass
1970,Withdrawn
1971,Pass
1972,Pass
1973,Withdrawn
1974,Pass
1975,Pass
1976,Pass
1977,Pass
1978,Pass
1979,Pass
1980,Withdrawn
1981,Pass
1982,Pass
1983,Fail
1984,Pass
1985,Pass
1986,Pass
1987,Pass
1988,Fail
1989,Pass
1990,Withdrawn
1991,Withdrawn
1992,Pass
1993,Fail
1994,Pass
1995,Pass
1996,Withdrawn
1997,Pass
1998,Pass
1999,Pass
2000,Pass
2001,Fail
2002,Withdrawn
2003,Pass
2004,Pass
2005,Pass
2006,Fail
2007,Fail
2008,Pass
2009,Pass
2010,Fail
2011,Pass
2012,Pass
2013,Withdrawn
2014,Pass
2015,Fail
2016,Withdrawn
2017,Pass
2018,Fail
2019,Pass
2020,Pass
2021,Pass
2022,Pass
2023,Fail
2024,Withdrawn
2025,Fail
2026,Withdrawn
2027,Fail
2028,Pass
2029,Pass
2030,Withdrawn
2031,Withdrawn
2032,Withdrawn
2033,Withdrawn
2034,Withdrawn
2035,Pass
2036,Pass
2037,Pass
2038,Withdrawn
2039,Pass
2040,Pass
2041,Pass
2042,Withdrawn
2043,Pass
2044,Pass
2045,Fail
2046,Pass
2047,Pass
2048,Withdrawn
2049,Withdrawn
2050,Pass
2051,Pass
2052,Pass
2053,Pass
2054,Fail
2055,Fail
2056,Pass
2057,Pass
2058,Pass
2059,Pass
2060,Pass
2061,Fail
2062,Pass
2063,Pass
2064,Pass
2065,Withdrawn
2066,Pass
2067,Withdrawn
2068,Pass
2069,Withdrawn
2070,Fail
2071,Pass
2072,Pass
2073,Pass
2074,Withdrawn
2075,Pass
2076,Pass
2077,Withdrawn
2078,Withdrawn
2079,Pass
2080,Pass
2081,Pass
2082,Pass
2083,Pass
2084,Pass
2085,Withdrawn
2086,Withdrawn
2087,Pass
2088,Pass
2089,Withdrawn
2090,Withdrawn
2091,Pass
2092,Pass
2093,Pass
2094,Withdrawn
2095,Pass
2096,Withdrawn
2097,Pass
2098,Withdrawn
2099,Pass
2100,Pass
2101,Withdrawn
2102,Withdrawn
2103,Pass
2104,Fail
2105,Fail
2106,Pass
2107,Pass
2108,Pass
2109,Pass
2110,Withdrawn
2111,Fail
2112,Pass
2113,Withdrawn
2114,Withdrawn
2115,Pass
2116,Pass
2117,Withdrawn
2118,Fail
2119,Pass
2120,Pass
2121,Pass
2122,Pass
2123,Pass
2124,Fail
2125,Pass
2126,Pass
2127,Withdrawn
2128,Pass
2129,Pass
2130,Pass
2131,Pass
2132,Withdrawn
2133,Withdrawn
2134,Pass
2135,Fail
2136,Fail
2137,Pass
2138,Pass
2139,Pass
2140,Withdrawn
2141,Pass
2142,Pass
2143,Pass
2144,Fail
2145,Pass
2146,Pass
2147,Withdrawn
2148,Withdrawn
2149,Pass
2150,Pass
2151,Pass
2152,Fail
2153,Pass
2154,Pass
2155,Withdrawn
2156,Pass
2157,Withdrawn
2158,Pass
2159,Pass
2160,Pass
2161,Withdrawn
2162,Pass
2163,Fail
2164,Withdrawn
2165,Withdrawn
2166,Pass
2167,Withdrawn
2168,Pass
2169,Withdrawn
2170,Pass
2171,Fail
2172,Fail
2173,Pass
2174,Pass
2175,Pass
2176,Pass
2177,Pass
2178,Pass
2179,Withdrawn
2180,Pass
2181,Withdrawn
2182,Pass
2183,Withdrawn
2184,Pass
2185,Withdrawn
2186,Withdrawn
2187,Fail
2188,Pass
2189,Pass
2190,Pass
2191,Fail
2192,Pass
2193,Pass
2194,Pass
2195,Pass
2196,Pass
2197,Pass
2198,Pass
2199,Pass
2200,Pass
2201,Pass
2202,Pass
2203,Withdrawn
2204,Withdrawn
2205,Pass
2206,Pass
2207,Withdrawn
2208,Pass
2209,Fail
2210,Withdrawn
2211,Pass
2212,Fail
2213,Pass
2214,Pass
2215,Pass
2216,Pass
2217,Withdrawn
2218,Withdrawn
2219,Fail
2220,Withdrawn
2221,Pass
2222,Withdrawn
2223,Pass
2224,Pass
2225,Fail
2226,Withdrawn
2227,Pass
2228,Pass
2229,Fail
2230,Withdrawn
2231,Pass
2232,Withdrawn
2233,Pass
2234,Pass
2235,Pass
2236,Pass
2237,Pass
2238,Withdrawn
2239,Pass
2240,Pass
2241,Fail
2242,Pass
2243,Pass
2244,Pass
2245,Withdrawn
2246,Pass
2247,Pass
2248,Fail
2249,Fail
2250,Pass
2251,Pass
2252,Withdrawn
2253,Pass
2254,Withdrawn
2255,Fail
2256,Pass
2257,Withdrawn
2258,Pass
2259,Pass
2260,Pass
2261,Pass
2262,Withdrawn
2263,Pass
2264,Fail
2265,Pass
2266,Pass
2267,Pass
2268,Withdrawn
2269,Pass
2270,Fail
2271,Withdrawn
2272,Withdrawn
2273,Withdrawn
2274,Withdrawn
2275,Withdrawn
2276,Withdrawn
2277,Fail
2278,Withdrawn
2279,Pass
2280,Pass
2281,Pass
2282,Pass
2283,Pass
2284,Withdrawn
2285,Pass
2286,Pass
2287,Pass
2288,Pass
2289,Withdrawn
2290,Withdrawn
2291,Withdrawn
2292,Withdrawn
2293,Pass
2294,Pass
2295,Pass
2296,Fail
2297,Withdrawn
2298,Pass
2299,Pass
2300,Pass
2301,Pass
2302,Fail
2303,Fail
2304,Pass
2305,Fail
2306,Pass
2307,Pass
2308,Pass
2309,Fail
2310,Pass
2311,Pass
2312,Pass
2313,Fail
2314,Withdrawn
2315,Pass
2316,Withdrawn
2317,Pass
2318,Pass
2319,Pass
2320,Pass
2321,Fail
2322,Pass
2323,Withdrawn
2324,Withdrawn
2325,Fail
2326,Withdrawn
2327,Withdrawn
2328,Withdrawn
2329,Pass
2330,Withdrawn
2331,Withdrawn
2332,Fail
2333,Pass
2334,Withdrawn
2335,Withdrawn
2336,Pass
2337,Pass
2338,Pass
2339,Withdrawn
2340,Withdrawn
2341,Pass
2342,Pass
2343,Fail
2344,Withdrawn
2345,Withdrawn
2346,Withdrawn
2347,Withdrawn
2348,Pass
2349,Fail
2350,Pass
2351,Fail
2352,Fail
2353,Pass
2354,Pass
2355,Pass
2356,Pass
2357,Fail
2358,Pass
2359,Pass
2360,Pass
2361,Pass
2362,Withdrawn
2363,Fail
2364,Pass
2365,Pass
2366,Pass
2367,Pass
2368,Pass
2369,Pass
2370,Fail
2371,Fail
2372,Pass
2373,Pass
2374,Pass
2375,Withdrawn
2376,Pass
2377,Withdrawn
2378,Pass
2379,Pass
2380,Fail
2381,Pass
2382,Fail
2383,Withdrawn
2384,Pass
2385,Pass
2386,Withdrawn
2387,Pass
2388,Pass
2389,Pass
2390,Pass
2391,Pass
2392,Pass
2393,Withdrawn
2394,Pass
2395,Pass
2396,Pass
2397,Pass
2398,Fail
2399,Withdrawn
2400,Pass
2401,Withdrawn
2402,Pass
2403,Pass
2404,Fail
2405,Pass
2406,Pass
2407,Pass
2408,Withdrawn
2409,Pass
2410,Pass
2411,Fail
2412,Pass
2413,Pass
2414,Pass
2415,Pass
2416,Pass
2417,Withdrawn
2418,Pass
2419,Withdrawn
2420,Pass
2421,Pass
2422,Pass
2423,Withdrawn
2424,Withdrawn
2425,Pass
2426,Withdrawn
2427,Pass
2428,Pass
2429,Fail
2430,Fail
2431,Pass
2432,Pass
2433,Pass
2434,Pass
2435,Pass
2436,Withdrawn
2437,Withdrawn
2438,Fail
2439,Pass
2440,Pass
2441,Fail
2442,Pass
2443,Pass
2444,Withdrawn
2445,Withdrawn
2446,Pass
2447,Fail
2448,Pass
2449,Pass
2450,Pass
2451,Pass
2452,Withdrawn
2453,Withdrawn
2454,Withdrawn
2455,Withdrawn
2456,Pass
2457,Pass
2458,Pass
2459,Withdrawn
2460,Withdrawn
2461,Fail
2462,Pass
2463,Pass
2464,Pass
2465,Pass
2466,Pass
2467,Pass
2468,Fail
2469,Pass
2470,Pass
2471,Fail
2472,Pass
2473,Pass
2474,Pass
2475,Withdrawn
2476,Pass
2477,Fail
2478,Pass
2479,Pass
2480,Fail
2481,Withdrawn
2482,Pass
2483,Pass
2484,Withdrawn
2485,Pass
2486,Pass
2487,Pass
2488,Withdrawn
2489,Fail
2490,Fail
2491,Pass
2492,Withdrawn
2493,Fail
2494,Withdrawn
2495,Pass
2496,Pass
2497,Fail
2498,Fail
2499,Pass
2500,Withdrawn
2501,Fail
2502,Pass
2503,Fail
2504,Pass
2505,Pass
2506,Withdrawn
2507,Pass
2508,Pass
2509,Fail
2510,Withdrawn
2511,Pass
2512,Pass
2513,Pass
2514,Pass
2515,Pass
2516,Pass
2517,Fail
2518,Withdrawn
2519,Fail
2520,Pass
2521,Pass
2522,Withdrawn
2523,Pass
2524,Pass
2525,Withdrawn
2526,Pass
2527,Pass
2528,Pass
2529,Pass
2530,Pass
2531,Pass
2532,Pass
2533,Pass
2534,Pass
2535,Fail
2536,Pass
2537,Pass
2538,Fail
2539,Pass
2540,Pass
2541,Pass
2542,Fail
2543,Withdrawn
2544,Pass
2545,Pass
2546,Pass
2547,Pass
2548,Pass
2549,Fail
2550,Withdrawn
2551,Pass
2552,Pass
2553,Pass
2554,Pass
2555,Pass
2556,Pass
2557,Pass
2558,Pass
2559,Pass
2560,Withdrawn
2561,Pass
2562,Withdrawn
2563,Fail
2564,Pass
2565,Pass
2566,Pass
2567,Pass
2568,Pass
2569,Withdrawn
2570,Pass
2571,Pass
2572,Pass
2573,Fail
2574,Pass
2575,Withdrawn
2576,Pass
2577,Fail
2578,Pass
2579,Pass
2580,Pass
2581,Pass
2582,Withdrawn
2583,Withdrawn
2584,Pass
2585,Pass
2586,Pass
2587,Fail
2588,Withdrawn
2589,Pass
2590,Withdrawn
2591,Fail
2592,Pass
2593,Fail
2594,Withdrawn
2595,Pass
2596,Pass
2597,Pass
2598,Pass
2599,Pass
2600,Withdrawn
2601,Pass
2602,Pass
2603,Pass
2604,Pass
2605,Fail
2606,Withdrawn
2607,Pass
2608,Pass
2609,Withdrawn
2610,Pass
2611,Pass
2612,Pass
2613,Pass
2614,Pass
2615,Withdrawn
2616,Fail
2617,Withdrawn
2618,Withdrawn
2619,Pass
2620,Pass
2621,Fail
2622,Pass
2623,Pass
2624,Pass
2625,Pass
2626,Withdrawn
2627,Pass
2628,Withdrawn
2629,Pass
2630,Withdrawn
2631,Fail
2632,Withdrawn
2633,Withdrawn
2634,Fail
2635,Fail
2636,Pass
2637,Withdrawn
2638,Pass
2639,Pass
2640,Withdrawn
2641,Pass
2642,Pass
2643,Pass
2644,Fail
2645,Pass
2646,Pass
2647,Withdrawn
2648,Withdrawn
2649,Fail
2650,Fail
2651,Withdrawn
2652,Pass
2653,Pass
2654,Withdrawn
2655,Pass
2656,Pass
2657,Pass
2658,Fail
2659,Pass
2660,Pass
2661,Withdrawn
2662,Withdrawn
2663,Pass
2664,Withdrawn
2665,Pass
2666,Fail
2667,Pass
2668,Pass
2669,Pass
2670,Pass
2671,Withdrawn
2672,Withdrawn
2673,Pass
2674,Pass
2675,Pass
2676,Pass
2677,Pass
2678,Withdrawn
2679,Withdrawn
2680,Fail
2681,Pass
2682,Pass
2683,Pass
2684,Withdrawn
2685,Fail
2686,Pass
2687,Pass
2688,Withdrawn
2689,Withdrawn
2690,Pass
2691,Withdrawn
2692,Pass
2693,Fail
2694,Withdrawn
2695,Withdrawn
2696,Withdrawn
2697,Pass
2698,Pass
2699,Withdrawn
2700,Pass
2701,Withdrawn
2702,Withdrawn
2703,Pass
2704,Pass
2705,Pass
2706,Pass
2707,Withdrawn
2708,Withdrawn
2709,Pass
2710,Pass
2711,Pass
2712,Withdrawn
2713,Pass
2714,Pass
2715,Pass
2716,Pass
2717,Fail
2718,Withdrawn
2719,Pass
2720,Pass
2721,Withdrawn
2722,Fail
2723,Pass
2724,Withdrawn
2725,Withdrawn
2726,Pass
2727,Fail
2728,Withdrawn
2729,Withdrawn
2730,Pass
2731,Pass
2732,Pass
2733,Pass
2734,Pass
2735,Pass
2736,Fail
2737,Pass
2738,Pass
2739,Pass
2740,Withdrawn
2741,Pass
2742,Fail
2743,Pass
2744,Pass
2745,Pass
2746,Pass
2747,Fail
2748,Fail
2749,Pass
2750,Pass
2751,Pass
2752,Pass
2753,Fail
2754,Pass
2755,Fail
2756,Pass
2757,Withdrawn
2758,Withdrawn
2759,Pass
2760,Fail
2761,Pass
2762,Withdrawn
2763,Pass
2764,Pass
2765,Withdrawn
2766,Pass
2767,Withdrawn
2768,Pass
2769,Fail
2770,Pass
2771,Pass
2772,Fail
2773,Pass
2774,Pass
2775,Withdrawn
2776,Pass
2777,Fail
2778,Withdrawn
2779,Withdrawn
2780,Withdrawn
2781,Pass
2782,Pass
2783,Withdrawn
2784,Pass
2785,Pass
2786,Pass
2787,Withdrawn
2788,Pass
2789,Pass
2790,Pass
2791,Pass
2792,Pass
2793,Pass
2794,Pass
2795,Pass
2796,Pass
2797,Fail
2798,Fail
2799,Withdrawn
2800,Withdrawn
2801,Pass
2802,Withdrawn
2803,Fail
2804,Pass
2805,Pass
2806,Pass
2807,Pass
2808,Withdrawn
2809,Fail
2810,Pass
2811,Pass
2812,Pass
2813,Pass
2814,Pass
2815,Pass
2816,Pass
2817,Pass
2818,Withdrawn
2819,Pass
2820,Pass
2821,Pass
2822,Pass
2823,Withdrawn
2824,Pass
2825,Withdrawn
2826,Pass
2827,Pass
2828,Pass
2829,Pass
2830,Withdrawn
2831,Fail
2832,Pass
2833,Pass
2834,Withdrawn
2835,Pass
2836,Pass
2837,Pass
2838,Pass
2839,Withdrawn
2840,Fail
2841,Pass
2842,Pass
2843,Pass
2844,Pass
2845,Pass
2846,Pass
2847,Withdrawn
2848,Pass
2849,Pass
2850,Withdrawn
2851,Withdrawn
2852,Pass
2853,Withdrawn
2854,Withdrawn
2855,Pass
2856,Pass
2857,Pass
2858,Fail
2859,Pass
2860,Pass
2861,Pass
2862,Fail
2863,Pass
2864,Pass
2865,Pass
2866,Fail
2867,Pass
2868,Pass
2869,Pass
2870,Pass
2871,Withdrawn
2872,Withdrawn
2873,Pass
2874,Withdrawn
2875,Pass
2876,Fail
2877,Pass
2878,Pass
2879,Pass
2880,Pass
2881,Pass
2882,Fail
2883,Pass
2884,Pass
2885,Fail
2886,Fail
2887,Fail
2888,Pass
2889,Pass
2890,Fail
2891,Withdrawn
2892,Pass
2893,Pass
2894,Pass
2895,Pass
2896,Pass
2897,Pass
2898,Fail
2899,Fail
2900,Pass
2901,Pass
2902,Withdrawn
2903,Pass
2904,Pass
2905,Pass
2906,Withdrawn
2907,Pass
2908,Fail
2909,Pass
2910,Pass
2911,Pass
2912,Pass
2913,Withdrawn
2914,Pass
2915,Withdrawn
2916,Pass
2917,Withdrawn
2918,Fail
2919,Withdrawn
2920,Pass
2921,Pass
2922,Pass
2923,Withdrawn
2924,Pass
2925,Fail
2926,Pass
2927,Pass
2928,Pass
2929,Pass
2930,Withdrawn
2931,Pass
2932,Pass
2933,Pass
2934,Pass
2935,Pass
2936,Pass
2937,Pass
2938,Withdrawn
2939,Fail
2940,Pass
2941,Pass
2942,Pass
2943,Pass
2944,Pass
2945,Pass
2946,Fail
2947,Pass
2948,Pass
2949,Pass
2950,Pass
2951,Pass
2952,Pass
2953,Withdrawn
2954,Pass
2955,Pass
2956,Pass
2957,Withdrawn
2958,Fail
2959,Pass
2960,Pass
2961,Withdrawn
2962,Pass
2963,Pass
2964,Pass
2965,Pass
2966,Fail
2967,Pass
2968,Pass
2969,Withdrawn
2970,Withdrawn
2971,Withdrawn
2972,Fail
2973,Pass
2974,Withdrawn
2975,Fail
2976,Fail
2977,Fail
2978,Withdrawn
2979,Pass
2980,Withdrawn
2981,Pass
2982,Pass
2983,Fail
2984,Pass
2985,Pass
2986,Pass
2987,Pass
2988,Withdrawn
2989,Pass
2990,Pass
2991,Pass
2992,Withdrawn
2993,Withdrawn
2994,Pass
2995,Pass
2996,Withdrawn
2997,Pass
2998,Pass
2999,Withdrawn
3000,Pass
3001,Withdrawn
3002,Pass
3003,Withdrawn
3004,Withdrawn
3005,Withdrawn
3006,Withdrawn
3007,Pass
3008,Pass
3009,Pass
3010,Pass
3011,Withdrawn
3012,Fail
3013,Pass
3014,Withdrawn
3015,Pass
3016,Pass
3017,Pass
3018,Pass
3019,Fail
3020,Fail
3021,Withdrawn
3022,Pass
3023,Fail
3024,Pass
3025,Pass
3026,Pass
3027,Pass
3028,Pass
3029,Fail
3030,Fail
3031,Pass
3032,Fail
3033,Pass
3034,Pass
3035,Withdrawn
3036,Pass
3037,Pass
3038,Pass
3039,Pass
3040,Fail
3041,Pass
3042,Pass
3043,Fail
3044,Fail
3045,Withdrawn
3046,Pass
3047,Withdrawn
3048,Pass
3049,Fail
3050,Pass
3051,Pass
3052,Pass
3053,Withdrawn
3054,Pass
3055,Withdrawn
3056,Withdrawn
3057,Pass
3058,Withdrawn
3059,Fail
3060,Pass
3061,Withdrawn
3062,Pass
3063,Fail
3064,Withdrawn
3065,Withdrawn
3066,Pass
3067,Pass
3068,Pass
3069,Withdrawn
3070,Pass
3071,Withdrawn
3072,Fail
3073,Pass
3074,Withdrawn
3075,Pass
3076,Pass
3077,Withdrawn
3078,Pass
3079,Pass
3080,Fail
3081,Pass
3082,Pass
3083,Fail
3084,Pass
3085,Fail
3086,Withdrawn
3087,Pass
3088,Pass
3089,Pass
3090,Pass
3091,Fail
3092,Pass
3093,Withdrawn
3094,Withdrawn
3095,Pass
3096,Withdrawn
3097,Pass
3098,Pass
3099,Fail
3100,Fail
3101,Pass
3102,Pass
3103,Pass
3104,Pass
3105,Pass
3106,Fail
3107,Pass
3108,Pass
3109,Fail
3110,Pass
3111,Pass
3112,Pass
3113,Pass
3114,Fail
3115,Withdrawn
3116,Pass
3117,Fail
3118,Pass
3119,Pass
3120,Withdrawn
3121,Pass
3122,Pass
3123,Pass
3124,Pass
3125,Withdrawn
3126,Withdrawn
3127,Fail
3128,Pass
3129,Pass
3130,Withdrawn
3131,Fail
3132,Withdrawn
3133,Fail
3134,Pass
3135,Withdrawn
3136,Pass
3137,Pass
3138,Withdrawn
3139,Pass
3140,Pass
3141,Pass
3142,Fail
3143,Pass
3144,Pass
3145,Pass
3146,Pass
3147,Pass
3148,Pass
3149,Withdrawn
3150,Pass
3151,Withdrawn
3152,Pass
3153,Withdrawn
3154,Withdrawn
3155,Pass
3156,Withdrawn
3157,Pass
3158,Pass
3159,Pass
3160,Pass
3161,Fail
3162,Pass
3163,Withdrawn
3164,Pass
3165,Pass
3166,Pass
3167,Pass
3168,Withdrawn
3169,Fail
3170,Pass
3171,Fail
3172,Withdrawn
3173,Pass
3174,Pass
3175,Fail
3176,Fail
3177,Withdrawn
3178,Pass
3179,Withdrawn
3180,Pass
3181,Withdrawn
3182,Pass
3183,Pass
3184,Fail
3185,Withdrawn
3186,Pass
3187,Pass
3188,Withdrawn
3189,Withdrawn
3190,Pass
3191,Fail
3192,Pass
3193,Fail
3194,Pass
3195,Pass
3196,Pass
3197,Pass
3198,Withdrawn
3199,Pass
3200,Fail
3201,Pass
3202,Withdrawn
3203,Withdrawn
3204,Pass
3205,Pass
3206,Withdrawn
3207,Withdrawn
3208,Pass
3209,Pass
3210,Pass
3211,Withdrawn
3212,Pass
3213,Pass
3214,Pass
3215,Pass
3216,Pass
3217,Withdrawn
3218,Pass
3219,Fail
3220,Fail
3221,Withdrawn
3222,Pass
3223,Fail
3224,Pass
3225,Pass
3226,Pass
3227,Withdrawn
3228,Pass
3229,Withdrawn
3230,Fail
3231,Pass
3232,Pass
3233,Pass
3234,Withdrawn
3235,Pass
3236,Pass
3237,Pass
3238,Pass
3239,Withdrawn
3240,Pass
3241,Pass
3242,Pass
3243,Pass
3244,Withdrawn
3245,Pass
3246,Pass
3247,Withdrawn
3248,Fail
3249,Withdrawn
3250,Pass
3251,Pass
3252,Pass
3253,Pass
3254,Pass
3255,Pass
3256,Pass
3257,Withdrawn
3258,Pass
3259,Withdrawn
3260,Fail
3261,Pass
3262,Fail
3263,Fail
3264,Pass
3265,Withdrawn
3266,Fail
3267,Pass
3268,Pass
3269,Pass
3270,Fail
3271,Fail
3272,Fail
3273,Pass
3274,Pass
3275,Pass
3276,Pass
3277,Withdrawn
3278,Pass
3279,Pass
3280,Fail
3281,Fail
3282,Pass
3283,Pass
3284,Fail
3285,Pass
3286,Withdrawn
3287,Withdrawn
3288,Withdrawn
3289,Pass
3290,Pass
3291,Pass
3292,Pass
3293,Pass
3294,Pass
3295,Pass
3296,Fail
3297,Pass
3298,Pass
3299,Withdrawn
3300,Pass
3301,Pass
3302,Fail
3303,Pass
3304,Pass
3305,Pass
3306,Pass
3307,Fail
3308,Withdrawn
3309,Pass
3310,Pass
3311,Pass
3312,Withdrawn
3313,Pass
3314,Pass
3315,Pass
3316,Pass
3317,Pass
3318,Pass
3319,Fail
3320,Pass
3321,Fail
3322,Pass
3323,Withdrawn
3324,Pass
3325,Pass
3326,Pass
3327,Withdrawn
3328,Withdrawn
3329,Pass
3330,Withdrawn
3331,Withdrawn
3332,Pass
3333,Pass
3334,Fail
3335,Fail
3336,Pass
3337,Pass
3338,Withdrawn
3339,Withdrawn
3340,Withdrawn
3341,Fail
3342,Pass
3343,Pass
3344,Pass
3345,Pass
3346,Withdrawn
3347,Pass
3348,Pass
3349,Fail
3350,Fail
3351,Pass
3352,Pass
3353,Withdrawn
3354,Pass
3355,Pass
3356,Pass
3357,Fail
3358,Pass
3359,Pass
3360,Withdrawn
3361,Withdrawn
3362,Withdrawn
3363,Withdrawn
3364,Fail
3365,Withdrawn
3366,Pass
3367,Pass
3368,Withdrawn
3369,Fail
3370,Withdrawn
3371,Pass
3372,Fail
3373,Pass
3374,Pass
3375,Pass
3376,Pass
3377,Pass
3378,Pass
3379,Withdrawn
3380,Withdrawn
3381,Withdrawn
3382,Pass
3383,Withdrawn
3384,Pass
3385,Pass
3386,Withdrawn
3387,Pass
3388,Withdrawn
3389,Pass
3390,Pass
3391,Pass
3392,Pass
3393,Pass
3394,Withdrawn
3395,Fail
3396,Pass
3397,Withdrawn
3398,Withdrawn
3399,Fail
3400,Pass
3401,Pass
3402,Pass
3403,Withdrawn
3404,Pass
3405,Fail
3406,Pass
3407,Fail
3408,Pass
3409,Pass
3410,Pass
3411,Withdrawn
3412,Fail
3413,Pass
3414,Withdrawn
3415,Withdrawn
3416,Fail
3417,Pass
3418,Pass
3419,Pass
3420,Pass
3421,Pass
3422,Pass
3423,Pass
3424,Pass
3425,Pass
3426,Fail
3427,Pass
3428,Pass
3429,Pass
3430,Pass
3431,Pass
3432,Fail
3433,Withdrawn
3434,Pass
3435,Fail
3436,Pass
3437,Withdrawn
3438,Pass
3439,Withdrawn
3440,Pass
3441,Withdrawn
3442,Pass
3443,Withdrawn
3444,Withdrawn
3445,Pass
3446,Pass
3447,Fail
3448,Withdrawn
3449,Pass
3450,Fail
3451,Pass
3452,Pass
3453,Pass
3454,Withdrawn
3455,Pass
3456,Fail
3457,Pass
3458,Pass
3459,Pass
3460,Pass
3461,Fail
3462,Pass
3463,Pass
3464,Pass
3465,Pass
3466,Withdrawn
3467,Withdrawn
3468,Fail
3469,Withdrawn
3470,Fail
3471,Pass
3472,Pass
3473,Withdrawn
3474,Withdrawn
3475,Withdrawn
3476,Pass
3477,Withdrawn
3478,Pass
3479,Pass
3480,Withdrawn
3481,Fail
3482,Pass
3483,Withdrawn
3484,Pass
3485,Fail
3486,Fail
3487,Pass
3488,Withdrawn
3489,Pass
3490,Pass
3491,Fail
3492,Withdrawn
3493,Pass
3494,Withdrawn
3495,Pass
3496,Pass
3497,Pass
3498,Pass
3499,Pass
3500,Pass
3501,Pass
3502,Pass
3503,Pass
3504,Pass
3505,Pass
3506,Withdrawn
3507,Pass
3508,Fail
3509,Withdrawn
3510,Pass
3511,Pass
3512,Pass
3513,Pass
3514,Withdrawn
3515,Withdrawn
3516,Pass
3517,Fail
3518,Fail
3519,Pass
3520,Fail
3521,Fail
3522,Withdrawn
3523,Withdrawn
3524,Pass
3525,Pass
3526,Pass
3527,Pass
3528,Withdrawn
3529,Withdrawn
3530,Withdrawn
3531,Pass
3532,Pass
3533,Pass
3534,Pass
3535,Pass
3536,Pass
3537,Pass
3538,Pass
3539,Withdrawn
3540,Fail
3541,Pass
3542,Pass
3543,Fail
3544,Pass
3545,Withdrawn
3546,Pass
3547,Withdrawn
3548,Withdrawn
3549,Withdrawn
3550,Pass
3551,Withdrawn
3552,Withdrawn
3553,Pass
3554,Fail
3555,Pass
3556,Pass
3557,Fail
3558,Pass
3559,Pass
3560,Pass
3561,Withdrawn
3562,Pass
3563,Fail
3564,Pass
3565,Pass
3566,Fail
3567,Pass
3568,Pass
3569,Withdrawn
3570,Pass
3571,Fail
3572,Withdrawn
3573,Fail
3574,Withdrawn
3575,Pass
3576,Pass
3577,Withdrawn
3578,Fail
3579,Fail
3580,Fail
3581,Pass
3582,Fail
3583,Pass
3584,Withdrawn
3585,Pass
3586,Pass
3587,Pass
3588,Pass
3589,Pass
3590,Withdrawn
3591,Pass
3592,Fail
3593,Pass
3594,Pass
3595,Fail
3596,Fail
3597,Fail
3598,Withdrawn
3599,Fail
3600,Pass
3601,Fail
3602,Pass
3603,Pass
3604,Pass
3605,Pass
3606,Withdrawn
3607,Pass
3608,Pass
3609,Withdrawn
3610,Withdrawn
3611,Fail
3612,Pass
3613,Fail
3614,Pass
3615,Fail
3616,Pass
3617,Pass
3618,Fail
3619,Pass
3620,Withdrawn
3621,Pass
3622,Pass
3623,Pass
3624,Pass
3625,Fail
3626,Pass
3627,Withdrawn
3628,Pass
3629,Withdrawn
3630,Fail
3631,Pass
3632,Pass
3633,Fail
3634,Fail
3635,Withdrawn
3636,Pass
3637,Pass
3638,Pass
3639,Withdrawn
3640,Pass
3641,Pass
3642,Pass
3643,Pass
3644,Pass
3645,Fail
3646,Pass
3647,Pass
3648,Pass
3649,Pass
3650,Fail
3651,Pass
3652,Pass
3653,Pass
3654,Pass
3655,Fail
3656,Withdrawn
3657,Pass
3658,Pass
3659,Pass
3660,Pass
3661,Pass
3662,Pass
3663,Withdrawn
3664,Fail
3665,Pass
3666,Withdrawn
3667,Fail
3668,Pass
3669,Pass
3670,Pass
3671,Pass
3672,Pass
3673,Pass
3674,Pass
3675,Withdrawn
3676,Pass
3677,Fail
3678,Fail
3679,Pass
3680,Fail
3681,Withdrawn
3682,Withdrawn
3683,Pass
3684,Withdrawn
3685,Pass
3686,Pass
3687,Withdrawn
3688,Fail
3689,Fail
3690,Pass
3691,Pass
3692,Withdrawn
3693,Pass
3694,Pass
3695,Fail
3696,Pass
3697,Pass
3698,Fail
3699,Pass
3700,Pass
3701,Withdrawn
3702,Withdrawn
3703,Withdrawn
3704,Withdrawn
3705,Fail
3706,Fail
3707,Pass
3708,Pass
3709,Pass
3710,Pass
3711,Fail
3712,Pass
3713,Pass
3714,Withdrawn
3715,Withdrawn
3716,Fail
3717,Withdrawn
3718,Withdrawn
3719,Pass
3720,Withdrawn
3721,Pass
3722,Fail
3723,Pass
3724,Withdrawn
3725,Pass
3726,Pass
3727,Fail
3728,Pass
3729,Pass
3730,Pass
3731,Pass
3732,Withdrawn
3733,Pass
3734,Withdrawn
3735,Pass
3736,Withdrawn
3737,Withdrawn
3738,Fail
3739,Withdrawn
3740,Pass
3741,Pass
3742,Withdrawn
3743,Pass
3744,Pass
3745,Pass
3746,Pass
3747,Fail
3748,Pass
3749,Withdrawn
3750,Withdrawn
3751,Fail
3752,Withdrawn
3753,Pass
3754,Fail
3755,Pass
3756,Pass
3757,Pass
3758,Withdrawn
3759,Withdrawn
3760,Pass
3761,Pass
3762,Fail
3763,Fail
3764,Withdrawn
3765,Pass
3766,Pass
3767,Fail
3768,Pass
3769,Pass
3770,Withdrawn
3771,Pass
3772,Pass
3773,Pass
3774,Fail
3775,Pass
3776,Withdrawn
3777,Pass
3778,Pass
3779,Pass
3780,Pass
3781,Pass
3782,Pass
3783,Pass
3784,Pass
3785,Pass
3786,Pass
3787,Pass
3788,Pass
3789,Withdrawn
3790,Pass
3791,Pass
3792,Fail
3793,Fail
3794,Fail
3795,Pass
3796,Withdrawn
3797,Pass
3798,Pass
3799,Pass
3800,Fail
3801,Pass
3802,Fail
3803,Withdrawn
3804,Fail
3805,Pass
3806,Withdrawn
3807,Pass
3808,Withdrawn
3809,Pass
3810,Withdrawn
3811,Pass
3812,Fail
3813,Pass
3814,Pass
3815,Pass
3816,Pass
3817,Pass
3818,Withdrawn
3819,Pass
3820,Pass
3821,Pass
3822,Withdrawn
3823,Withdrawn
3824,Withdrawn
3825,Pass
3826,Pass
3827,Pass
3828,Withdrawn
3829,Pass
3830,Pass
3831,Withdrawn
3832,Fail
3833,Fail
3834,Pass
3835,Withdrawn
3836,Withdrawn
3837,Pass
3838,Withdrawn
3839,Withdrawn
3840,Pass
3841,Pass
3842,Pass
3843,Fail
3844,Pass
3845,Fail
3846,Pass
3847,Withdrawn
3848,Pass
3849,Pass
3850,Fail
3851,Pass
3852,Withdrawn
3853,Pass
3854,Pass
3855,Withdrawn
3856,Pass
3857,Pass
3858,Withdrawn
3859,Pass
3860,Fail
3861,Pass
3862,Withdrawn
3863,Withdrawn
3864,Pass
3865,Fail
3866,Withdrawn
3867,Pass
3868,Fail
3869,Pass
3870,Withdrawn
3871,Pass
3872,Withdrawn
3873,Withdrawn
3874,Withdrawn
3875,Pass
3876,Withdrawn
3877,Pass
3878,Pass
3879,Pass
3880,Pass
3881,Withdrawn
3882,Fail
3883,Pass
3884,Pass
3885,Fail
3886,Withdrawn
3887,Pass
3888,Withdrawn
3889,Fail
3890,Withdrawn
3891,Pass
3892,Pass
3893,Pass
3894,Fail
3895,Fail
3896,Withdrawn
3897,Pass
3898,Pass
3899,Fail
3900,Pass
3901,Pass
3902,Pass
3903,Withdrawn
3904,Withdrawn
3905,Pass
3906,Fail
3907,Pass
3908,Fail
3909,Pass
3910,Pass
3911,Withdrawn
3912,Fail
3913,Pass
3914,Withdrawn
3915,Withdrawn
3916,Pass
3917,Pass
3918,Withdrawn
3919,Fail
3920,Withdrawn
3921,Withdrawn
3922,Pass
3923,Fail
3924,Pass
3925,Pass
3926,Pass
3927,Pass
3928,Pass
3929,Pass
3930,Pass
3931,Withdrawn
3932,Withdrawn
3933,Withdrawn
3934,Pass
3935,Withdrawn
3936,Pass
3937,Pass
3938,Pass
3939,Pass
3940,Pass
3941,Pass
3942,Withdrawn
3943,Pass
3944,Pass
3945,Pass
3946,Withdrawn
3947,Withdrawn
3948,Fail
3949,Fail
3950,Pass
3951,Fail
3952,Pass
3953,Pass
3954,Withdrawn
3955,Pass
3956,Pass
3957,Pass
3958,Pass
3959,Withdrawn
3960,Pass
3961,Pass
3962,Pass
3963,Fail
3964,Pass
3965,Pass
3966,Withdrawn
3967,Pass
3968,Fail
3969,Withdrawn
3970,Fail
3971,Pass
3972,Pass
3973,Pass
3974,Fail
3975,Pass
3976,Pass
3977,Withdrawn
3978,Pass
3979,Fail
3980,Pass
3981,Pass
3982,Pass
3983,Pass
3984,Pass
3985,Pass
3986,Fail
3987,Withdrawn
3988,Pass
3989,Pass
3990,Pass
3991,Pass
3992,Pass
3993,Withdrawn
3994,Pass
3995,Pass
3996,Pass
3997,Fail
3998,Fail
3999,Pass
4000,Pass
4001,Pass
4002,Fail
4003,Pass
4004,Pass
4005,Pass
4006,Pass
4007,Pass
4008,Pass
4009,Pass
4010,Fail
4011,Pass
4012,Fail
4013,Pass
4014,Pass
4015,Withdrawn
4016,Pass
4017,Pass
4018,Fail
4019,Withdrawn
4020,Pass
4021,Pass
4022,Pass
4023,Pass
4024,Fail
4025,Pass
4026,Pass
4027,Pass
4028,Pass
4029,Pass
4030,Fail
4031,Pass
4032,Withdrawn
4033,Fail
4034,Pass
4035,Withdrawn
4036,Pass
4037,Pass
4038,Pass
4039,Pass
4040,Pass
4041,Fail
4042,Fail
4043,Pass
4044,Withdrawn
4045,Pass
4046,Withdrawn
4047,Withdrawn
4048,Pass
4049,Withdrawn
4050,Fail
4051,Fail
4052,Pass
4053,Pass
4054,Pass
4055,Fail
4056,Pass
4057,Pass
4058,Fail
4059,Pass
4060,Pass
4061,Pass
4062,Pass
4063,Fail
4064,Fail
4065,Withdrawn
4066,Pass
4067,Pass
4068,Pass
4069,Withdrawn
4070,Pass
4071,Withdrawn
4072,Pass
4073,Pass
4074,Withdrawn
4075,Pass
4076,Pass
4077,Withdrawn
4078,Withdrawn
4079,Pass
4080,Pass
4081,Fail
4082,Pass
4083,Pass
4084,Withdrawn
4085,Withdrawn
4086,Pass
4087,Pass
4088,Pass
4089,Pass
4090,Fail
4091,Withdrawn
4092,Pass
4093,Withdrawn
4094,Fail
4095,Withdrawn
4096,Pass
4097,Fail
4098,Pass
4099,Pass
4100,Pass
4101,Pass
4102,Pass
4103,Pass
4104,Fail
4105,Pass
4106,Withdrawn
4107,Fail
4108,Pass
4109,Pass
4110,Withdrawn
4111,Pass
4112,Withdrawn
4113,Pass
4114,Withdrawn
4115,Fail
4116,Pass
4117,Pass
4118,Fail
4119,Pass
4120,Pass
4121,Fail
4122,Pass
4123,Fail
4124,Withdrawn
4125,Pass
4126,Withdrawn
4127,Withdrawn
4128,Pass
4129,Pass
4130,Fail
4131,Pass
4132,Withdrawn
4133,Withdrawn
4134,Pass
4135,Fail
4136,Pass
4137,Pass
4138,Fail
4139,Pass
4140,Pass
4141,Pass
4142,Pass
4143,Pass
4144,Pass
4145,Pass
4146,Pass
4147,Pass
4148,Pass
4149,Pass
4150,Withdrawn
4151,Fail
4152,Withdrawn
4153,Pass
4154,Pass
4155,Pass
4156,Withdrawn
4157,Withdrawn
4158,Pass
4159,Pass
4160,Pass
4161,Withdrawn
4162,Pass
4163,Pass
4164,Pass
4165,Withdrawn
4166,Pass
4167,Pass
4168,Pass
4169,Pass
4170,Pass
4171,Pass
4172,Pass
4173,Pass
4174,Pass
4175,Fail
4176,Withdrawn
4177,Withdrawn
4178,Pass
4179,Fail
4180,Pass
4181,Withdrawn
4182,Withdrawn
4183,Withdrawn
4184,Fail
4185,Pass
4186,Fail
4187,Pass
4188,Pass
4189,Withdrawn
4190,Withdrawn
4191,Pass
4192,Withdrawn
4193,Pass
4194,Pass
4195,Pass
4196,Pass
4197,Fail
4198,Pass
4199,Pass
4200,Withdrawn
4201,Fail
4202,Pass
4203,Withdrawn
4204,Pass
4205,Pass
4206,Withdrawn
4207,Pass
4208,Pass
4209,Pass
4210,Pass
4211,Withdrawn
4212,Withdrawn
4213,Withdrawn
4214,Pass
4215,Fail
4216,Fail
4217,Pass
4218,Pass
4219,Pass
4220,Fail
4221,Pass
4222,Fail
4223,Pass
4224,Pass
4225,Withdrawn
4226,Pass
4227,Fail
4228,Fail
4229,Pass
4230,Fail
4231,Withdrawn
4232,Pass
4233,Pass
4234,Fail
4235,Pass
4236,Pass
4237,Pass
4238,Pass
4239,Pass
4240,Pass
4241,Fail
4242,Withdrawn
4243,Pass
4244,Pass
4245,Withdrawn
4246,Pass
4247,Pass
4248,Fail
4249,Fail
4250,Fail
4251,Fail
4252,Pass
4253,Pass
4254,Pass
4255,Pass
4256,Pass
4257,Pass
4258,Pass
4259,Fail
4260,Pass
4261,Withdrawn
4262,Pass
4263,Withdrawn
4264,Pass
4265,Withdrawn
4266,Fail
4267,Fail
4268,Fail
4269,Withdrawn
4270,Fail
4271,Pass
4272,Pass
4273,Fail
4274,Pass
4275,Pass
4276,Pass
4277,Pass
4278,Pass
4279,Pass
4280,Fail
4281,Pass
4282,Pass
4283,Pass
4284,Withdrawn
4285,Pass
4286,Pass
4287,Pass
4288,Pass
4289,Fail
4290,Pass
4291,Fail
4292,Pass
4293,Withdrawn
4294,Withdrawn
4295,Pass
4296,Pass
4297,Pass
4298,Fail
4299,Withdrawn
4300,Fail
4301,Pass
4302,Fail
4303,Pass
4304,Pass
4305,Withdrawn
4306,Fail
4307,Pass
4308,Pass
4309,Withdrawn
4310,Pass
4311,Fail
4312,Withdrawn
4313,Pass
4314,Withdrawn
4315,Pass
4316,Pass
4317,Pass
4318,Pass
4319,Pass
4320,Withdrawn
4321,Fail
4322,Withdrawn
4323,Pass
4324,Pass
4325,Pass
4326,Withdrawn
4327,Pass
4328,Fail
4329,Pass
4330,Pass
4331,Fail
4332,Fail
4333,Pass
4334,Fail
4335,Fail
4336,Fail
4337,Pass
4338,Pass
4339,Pass
4340,Pass
4341,Withdrawn
4342,Withdrawn
4343,Pass
4344,Pass
4345,Withdrawn
4346,Fail
4347,Withdrawn
4348,Fail
4349,Withdrawn
4350,Pass
4351,Pass
4352,Withdrawn
4353,Withdrawn
4354,Pass
4355,Withdrawn
4356,Pass
4357,Withdrawn
4358,Withdrawn
4359,Pass
4360,Pass
4361,Pass
4362,Withdrawn
4363,Pass
4364,Fail
4365,Fail
4366,Pass
4367,Pass
4368,Pass
4369,Pass
4370,Pass
4371,Withdrawn
4372,Pass
4373,Withdrawn
4374,Pass
4375,Fail
4376,Withdrawn
4377,Pass
4378,Pass
4379,Pass
4380,Withdrawn
4381,Pass
4382,Withdrawn
4383,Withdrawn
4384,Withdrawn
4385,Pass
4386,Pass
4387,Pass
4388,Pass
4389,Pass
4390,Fail
4391,Pass
4392,Pass
4393,Withdrawn
4394,Pass
4395,Withdrawn
4396,Pass
4397,Pass
4398,Withdrawn
4399,Withdrawn
4400,Pass
4401,Fail
4402,Pass
4403,Pass
4404,Pass
4405,Pass
4406,Withdrawn
4407,Pass
4408,Pass
4409,Pass
4410,Pass
4411,Pass
4412,Pass
4413,Withdrawn
4414,Pass
4415,Pass
4416,Pass
4417,Pass
4418,Pass
4419,Fail
4420,Withdrawn
4421,Withdrawn
4422,Pass
4423,Withdrawn
4424,Pass
4425,Withdrawn
4426,Pass
4427,Fail
4428,Withdrawn
4429,Pass
4430,Withdrawn
4431,Fail
4432,Pass
4433,Pass
4434,Pass
4435,Pass
4436,Fail
4437,Fail
4438,Fail
4439,Pass
4440,Pass
4441,Fail
4442,Pass
4443,Pass
4444,Withdrawn
4445,Fail
4446,Withdrawn
4447,Fail
4448,Fail
4449,Withdrawn
4450,Pass
4451,Pass
4452,Pass
4453,Pass
4454,Withdrawn
4455,Pass
4456,Pass
4457,Pass
4458,Withdrawn
4459,Fail
4460,Withdrawn
4461,Fail
4462,Pass
4463,Pass
4464,Pass
4465,Pass
4466,Pass
4467,Pass
4468,Pass
4469,Pass
4470,Withdrawn
4471,Fail
4472,Fail
4473,Withdrawn
4474,Pass
4475,Fail
4476,Pass
4477,Withdrawn
4478,Pass
4479,Pass
4480,Pass
4481,Fail
4482,Withdrawn
4483,Withdrawn
4484,Pass
4485,Pass
4486,Pass
4487,Pass
4488,Withdrawn
4489,Withdrawn
4490,Fail
4491,Fail
4492,Pass
4493,Pass
4494,Pass
4495,Pass
4496,Pass
4497,Pass
4498,Pass
4499,Fail
4500,Withdrawn
4501,Withdrawn
4502,Pass
4503,Pass
4504,Pass
4505,Pass
4506,Pass
4507,Withdrawn
4508,Pass
4509,Pass
4510,Withdrawn
4511,Fail
4512,Pass
4513,Withdrawn
4514,Withdrawn
4515,Fail
4516,Pass
4517,Fail
4518,Fail
4519,Pass
4520,Fail
4521,Pass
4522,Fail
4523,Pass
4524,Pass
4525,Pass
4526,Withdrawn
4527,Fail
4528,Pass
4529,Withdrawn
4530,Fail
4531,Withdrawn
4532,Pass
4533,Fail
4534,Withdrawn
4535,Withdrawn
4536,Pass
4537,Withdrawn
4538,Pass
4539,Withdrawn
4540,Withdrawn
4541,Withdrawn
4542,Pass
4543,Pass
4544,Pass
4545,Pass
4546,Pass
4547,Withdrawn
4548,Pass
4549,Withdrawn
4550,Pass
4551,Withdrawn
4552,Pass
4553,Withdrawn
4554,Pass
4555,Fail
4556,Pass
4557,Pass
4558,Pass
4559,Fail
4560,Pass
4561,Withdrawn
4562,Pass
4563,Pass
4564,Pass
4565,Pass
4566,Withdrawn
4567,Fail
4568,Withdrawn
4569,Withdrawn
4570,Pass
4571,Pass
4572,Pass
4573,Withdrawn
4574,Withdrawn
4575,Pass
4576,Withdrawn
4577,Withdrawn
4578,Fail
4579,Fail
4580,Pass
4581,Withdrawn
4582,Pass
4583,Pass
4584,Pass
4585,Withdrawn
4586,Pass
4587,Fail
4588,Pass
4589,Withdrawn
4590,Pass
4591,Withdrawn
4592,Withdrawn
4593,Pass
4594,Pass
4595,Pass
4596,Fail
4597,Pass
4598,Withdrawn
4599,Fail
4600,Withdrawn
4601,Pass
4602,Withdrawn
4603,Pass
4604,Pass
4605,Fail
4606,Withdrawn
4607,Withdrawn
4608,Withdrawn
4609,Withdrawn
4610,Pass
4611,Withdrawn
4612,Pass
4613,Pass
4614,Pass
4615,Withdrawn
4616,Pass
4617,Fail
4618,Fail
4619,Pass
4620,Withdrawn
4621,Withdrawn
4622,Fail
4623,Pass
4624,Pass
4625,Fail
4626,Pass
4627,Fail
4628,Pass
4629,Pass
4630,Pass
4631,Pass
4632,Fail
4633,Pass
4634,Pass
4635,Withdrawn
4636,Pass
4637,Pass
4638,Pass
4639,Pass
4640,Pass
4641,Pass
4642,Fail
4643,Pass
4644,Pass
4645,Pass
4646,Pass
4647,Pass
4648,Withdrawn
4649,Pass
4650,Fail
4651,Pass
4652,Pass
4653,Withdrawn
4654,Pass
4655,Withdrawn
4656,Withdrawn
4657,Pass
4658,Pass
4659,Pass
4660,Fail
4661,Withdrawn
4662,Pass
4663,Withdrawn
4664,Pass
4665,Pass
4666,Fail
4667,Pass
4668,Withdrawn
4669,Fail
4670,Pass
4671,Pass
4672,Pass
4673,Fail
4674,Pass
4675,Pass
4676,Fail
4677,Withdrawn
4678,Fail
4679,Withdrawn
4680,Withdrawn
4681,Pass
4682,Pass
4683,Withdrawn
4684,Pass
4685,Pass
4686,Pass
4687,Withdrawn
4688,Withdrawn
4689,Withdrawn
4690,Fail
4691,Fail
4692,Pass
4693,Fail
4694,Fail
4695,Withdrawn
4696,Pass
4697,Fail
4698,Withdrawn
4699,Withdrawn
4700,Pass
4701,Withdrawn
4702,Pass
4703,Pass
4704,Fail
4705,Pass
4706,Pass
4707,Withdrawn
4708,Pass
4709,Fail
4710,Pass
4711,Withdrawn
4712,Withdrawn
4713,Pass
4714,Pass
4715,Pass
4716,Withdrawn
4717,Pass
4718,Fail
4719,Withdrawn
4720,Pass
4721,Pass
4722,Fail
4723,Withdrawn
4724,Pass
4725,Withdrawn
4726,Withdrawn
4727,Pass
4728,Pass
4729,Pass
4730,Pass
4731,Pass
4732,Pass
4733,Pass
4734,Withdrawn
4735,Pass
4736,Pass
4737,Pass
4738,Pass
4739,Withdrawn
4740,Withdrawn
4741,Pass
4742,Pass
4743,Pass
4744,Pass
4745,Withdrawn
4746,Fail
4747,Pass
4748,Withdrawn
4749,Pass
4750,Withdrawn
4751,Withdrawn
4752,Fail
4753,Pass
4754,Withdrawn
4755,Pass
4756,Pass
4757,Pass
4758,Pass
4759,Withdrawn
4760,Pass
4761,Pass
4762,Pass
4763,Pass
4764,Pass
4765,Pass
4766,Fail
4767,Pass
4768,Pass
4769,Pass
4770,Fail
4771,Pass
4772,Withdrawn
4773,Fail
4774,Fail
4775,Withdrawn
4776,Fail
4777,Fail
4778,Pass
4779,Fail
4780,Pass
4781,Pass
4782,Pass
4783,Pass
4784,Pass
4785,Pass
4786,Withdrawn
4787,Fail
4788,Withdrawn
4789,Withdrawn
4790,Pass
4791,Pass
4792,Pass
4793,Pass
4794,Pass
4795,Pass
4796,Pass
4797,Withdrawn
4798,Fail
4799,Pass
4800,Pass
4801,Withdrawn
4802,Pass
4803,Pass
4804,Withdrawn
4805,Withdrawn
4806,Pass
4807,Pass
4808,Fail
4809,Pass
4810,Fail
4811,Withdrawn
4812,Withdrawn
4813,Pass
4814,Pass
4815,Fail
4816,Fail
4817,Fail
4818,Fail
4819,Pass
4820,Fail
4821,Pass
4822,Pass
4823,Pass
4824,Pass
4825,Pass
4826,Withdrawn
4827,Withdrawn
4828,Withdrawn
4829,Withdrawn
4830,Pass
4831,Fail
4832,Pass
4833,Fail
4834,Pass
4835,Pass
4836,Pass
4837,Pass
4838,Pass
4839,Pass
4840,Fail
4841,Withdrawn
4842,Pass
4843,Pass
4844,Withdrawn
4845,Withdrawn
4846,Withdrawn
4847,Pass
4848,Fail
4849,Pass
4850,Pass
4851,Fail
4852,Pass
4853,Fail
4854,Pass
4855,Fail
4856,Withdrawn
4857,Withdrawn
4858,Withdrawn
4859,Pass
4860,Fail
4861,Pass
4862,Withdrawn
4863,Fail
4864,Fail
4865,Pass
4866,Pass
4867,Pass
4868,Withdrawn
4869,Withdrawn
4870,Withdrawn
4871,Withdrawn
4872,Pass
4873,Pass
4874,Withdrawn
4875,Fail
4876,Pass
4877,Withdrawn
4878,Pass
4879,Pass
4880,Pass
4881,Pass
4882,Pass
4883,Pass
4884,Withdrawn
4885,Pass
4886,Fail
4887,Pass
4888,Pass
4889,Pass
4890,Withdrawn
4891,Pass
4892,Fail
4893,Pass
4894,Fail
4895,Pass
4896,Withdrawn
4897,Fail
4898,Withdrawn
4899,Withdrawn
4900,Pass
4901,Pass
4902,Fail
4903,Pass
4904,Pass
4905,Withdrawn
4906,Pass
4907,Pass
4908,Pass
4909,Pass
4910,Pass
4911,Withdrawn
4912,Fail
4913,Pass
4914,Pass
4915,Pass
4916,Withdrawn
4917,Pass
4918,Pass
4919,Pass
4920,Withdrawn
4921,Pass
4922,Fail
4923,Pass
4924,Fail
4925,Pass
4926,Withdrawn
4927,Pass
4928,Withdrawn
4929,Pass
4930,Pass
4931,Withdrawn
4932,Pass
4933,Pass
4934,Pass
4935,Fail
4936,Fail
4937,Pass
4938,Pass
4939,Withdrawn
4940,Fail
4941,Withdrawn
4942,Pass
4943,Pass
4944,Fail
4945,Pass
4946,Pass
4947,Withdrawn
4948,Fail
4949,Withdrawn
4950,Fail
4951,Pass
4952,Pass
4953,Pass
4954,Pass
4955,Pass
4956,Pass
4957,Withdrawn
4958,Pass
4959,Pass
4960,Withdrawn
4961,Fail
4962,Withdrawn
4963,Pass
4964,Fail
4965,Pass
4966,Pass
4967,Pass
4968,Pass
4969,Withdrawn
4970,Withdrawn
4971,Pass
4972,Pass
4973,Pass
4974,Withdrawn
4975,Pass
4976,Pass
4977,Pass
4978,Fail
4979,Withdrawn
4980,Pass
4981,Pass
4982,Pass
4983,Withdrawn
4984,Pass
4985,Pass
4986,Pass
4987,Pass
4988,Fail
4989,Pass
4990,Withdrawn
4991,Withdrawn
4992,Pass
4993,Pass
4994,Fail
4995,Fail
4996,Withdrawn
4997,Withdrawn
4998,Fail
4999,Fail
5000,Pass
5001,Withdrawn
5002,Pass
5003,Pass
5004,Withdrawn
5005,Pass
5006,Pass
5007,Pass
5008,Pass
5009,Pass
5010,Pass
5011,Pass
5012,Pass
5013,Pass
5014,Pass
5015,Pass
5016,Pass
5017,Withdrawn
5018,Pass
5019,Fail
5020,Withdrawn
5021,Fail
5022,Pass
5023,Pass
5024,Fail
5025,Withdrawn
5026,Fail
5027,Pass
5028,Pass
5029,Withdrawn
5030,Withdrawn
5031,Withdrawn
5032,Pass
5033,Pass
5034,Pass
5035,Fail
5036,Withdrawn
5037,Fail
5038,Pass
5039,Fail
5040,Fail
5041,Fail
5042,Pass
5043,Pass
5044,Pass
5045,Pass
5046,Fail
5047,Fail
5048,Pass
5049,Withdrawn
5050,Fail
5051,Fail
5052,Pass
5053,Pass
5054,Pass
5055,Pass
5056,Pass
5057,Withdrawn
5058,Fail
5059,Withdrawn
5060,Pass
5061,Withdrawn
5062,Withdrawn
5063,Withdrawn
5064,Withdrawn
5065,Withdrawn
5066,Pass
5067,Withdrawn
5068,Pass
5069,Pass
5070,Fail
5071,Pass
5072,Pass
5073,Pass
5074,Pass
5075,Pass
5076,Pass
5077,Pass
5078,Withdrawn
5079,Pass
5080,Pass
5081,Withdrawn
5082,Pass
5083,Pass
5084,Fail
5085,Pass
5086,Withdrawn
5087,Fail
5088,Pass
5089,Withdrawn
5090,Withdrawn
5091,Pass
5092,Withdrawn
5093,Pass
5094,Pass
5095,Pass
5096,Fail
5097,Pass
5098,Withdrawn
5099,Pass
5100,Fail
5101,Pass
5102,Fail
5103,Pass
5104,Withdrawn
5105,Pass
5106,Pass
5107,Withdrawn
5108,Pass
5109,Pass
5110,Pass
5111,Pass
5112,Pass
5113,Pass
5114,Pass
5115,Pass
5116,Withdrawn
5117,Pass
5118,Pass
5119,Pass
5120,Pass
5121,Pass
5122,Pass
5123,Pass
5124,Pass
5125,Pass
5126,Pass
5127,Withdrawn
5128,Pass
5129,Withdrawn
5130,Fail
5131,Pass
5132,Pass
5133,Pass
5134,Pass
5135,Pass
5136,Withdrawn
5137,Pass
5138,Pass
5139,Withdrawn
5140,Fail
5141,Fail
5142,Pass
5143,Withdrawn
5144,Pass
5145,Pass
5146,Pass
5147,Pass
5148,Pass
5149,Withdrawn
5150,Withdrawn
5151,Pass
5152,Pass
5153,Fail
5154,Pass
5155,Pass
5156,Pass
5157,Pass
5158,Withdrawn
5159,Pass
5160,Pass
5161,Pass
5162,Pass
5163,Pass
5164,Withdrawn
5165,Withdrawn
5166,Fail
5167,Pass
5168,Pass
5169,Pass
5170,Pass
5171,Withdrawn
5172,Withdrawn
5173,Pass
5174,Fail
5175,Pass
5176,Withdrawn
5177,Withdrawn
5178,Pass
5179,Fail
5180,Fail
5181,Withdrawn
5182,Pass
5183,Fail
5184,Withdrawn
5185,Withdrawn
5186,Pass
5187,Withdrawn
5188,Pass
5189,Fail
5190,Pass
5191,Withdrawn
5192,Pass
5193,Withdrawn
5194,Pass
5195,Pass
5196,Withdrawn
5197,Pass
5198,Pass
5199,Pass
5200,Withdrawn
5201,Pass
5202,Pass
5203,Pass
5204,Withdrawn
5205,Pass
5206,Pass
5207,Pass
5208,Pass
5209,Pass
5210,Fail
5211,Pass
5212,Pass
5213,Withdrawn
5214,Pass
5215,Withdrawn
5216,Withdrawn
5217,Pass
5218,Withdrawn
5219,Pass
5220,Withdrawn
5221,Fail
5222,Withdrawn
5223,Withdrawn
5224,Pass
5225,Fail
5226,Fail
5227,Fail
5228,Withdrawn
5229,Pass
5230,Pass
5231,Fail
5232,Pass
5233,Fail
5234,Pass
5235,Pass
5236,Pass
5237,Pass
5238,Withdrawn
5239,Withdrawn
5240,Pass
5241,Pass
5242,Pass
5243,Fail
5244,Pass
5245,Fail
5246,Pass
5247,Withdrawn
5248,Pass
5249,Fail
5250,Withdrawn
5251,Pass
5252,Pass
5253,Pass
5254,Pass
5255,Fail
5256,Pass
5257,Withdrawn
5258,Fail
5259,Pass
5260,Pass
5261,Withdrawn
5262,Fail
5263,Fail
5264,Withdrawn
5265,Fail
5266,Withdrawn
5267,Pass
5268,Pass
5269,Withdrawn
5270,Withdrawn
5271,Withdrawn
5272,Pass
5273,Pass
5274,Pass
5275,Pass
5276,Pass
5277,Withdrawn
5278,Fail
5279,Withdrawn
5280,Fail
5281,Pass
5282,Pass
5283,Pass
5284,Withdrawn
5285,Withdrawn
5286,Pass
5287,Fail
5288,Pass
5289,Fail
5290,Fail
5291,Fail
5292,Pass
5293,Pass
5294,Pass
5295,Pass
5296,Pass
5297,Fail
5298,Fail
5299,Pass
5300,Withdrawn
5301,Pass
5302,Pass
5303,Withdrawn
5304,Withdrawn
5305,Fail
5306,Pass
5307,Pass
5308,Withdrawn
5309,Pass
5310,Pass
5311,Withdrawn
5312,Pass
5313,Pass
5314,Pass
5315,Pass
5316,Withdrawn
5317,Withdrawn
5318,Withdrawn
5319,Pass
5320,Fail
5321,Withdrawn
5322,Withdrawn
5323,Pass
5324,Withdrawn
5325,Fail
5326,Withdrawn
5327,Pass
5328,Pass
5329,Pass
5330,Withdrawn
5331,Withdrawn
5332,Fail
5333,Pass
5334,Withdrawn
5335,Pass
5336,Fail
5337,Withdrawn
5338,Withdrawn
5339,Pass
5340,Pass
5341,Pass
5342,Pass
5343,Pass
5344,Pass
5345,Pass
5346,Pass
5347,Withdrawn
5348,Withdrawn
5349,Pass
5350,Pass
5351,Pass
5352,Pass
5353,Fail
5354,Pass
5355,Pass
5356,Withdrawn
5357,Pass
5358,Pass
5359,Fail
5360,Pass
5361,Pass
5362,Pass
5363,Pass
5364,Pass
5365,Pass
5366,Withdrawn
5367,Withdrawn
5368,Fail
5369,Pass
5370,Pass
5371,Fail
5372,Withdrawn
5373,Withdrawn
5374,Pass
5375,Fail
5376,Pass
5377,Fail
5378,Fail
5379,Withdrawn
5380,Fail
5381,Pass
5382,Pass
5383,Pass
5384,Pass
5385,Fail
5386,Fail
5387,Fail
5388,Pass
5389,Pass
5390,Pass
5391,Pass
5392,Pass
5393,Pass
5394,Fail
5395,Pass
5396,Withdrawn
5397,Fail
5398,Withdrawn
5399,Fail
5400,Pass
5401,Withdrawn
5402,Pass
5403,Withdrawn
5404,Pass
5405,Pass
5406,Pass
5407,Withdrawn
5408,Pass
5409,Withdrawn
5410,Pass
5411,Pass
5412,Pass
5413,Withdrawn
5414,Pass
5415,Pass
5416,Withdrawn
5417,Withdrawn
5418,Pass
5419,Pass
5420,Pass
5421,Pass
5422,Pass
5423,Withdrawn
5424,Pass
5425,Pass
5426,Pass
5427,Pass
5428,Pass
5429,Withdrawn
5430,Pass
5431,Withdrawn
5432,Pass
5433,Withdrawn
5434,Fail
5435,Fail
5436,Pass
5437,Pass
5438,Pass
5439,Pass
5440,Pass
5441,Fail
5442,Pass
5443,Withdrawn
5444,Withdrawn
5445,Withdrawn
5446,Pass
5447,Pass
5448,Pass
5449,Pass
5450,Pass
5451,Pass
5452,Withdrawn
5453,Pass
5454,Fail
5455,Fail
5456,Withdrawn
5457,Fail
5458,Fail
5459,Pass
5460,Pass
5461,Fail
5462,Fail
5463,Fail
5464,Pass
5465,Fail
5466,Pass
5467,Pass
5468,Pass
5469,Withdrawn
5470,Pass
5471,Fail
5472,Fail
5473,Fail
5474,Pass
5475,Pass
5476,Fail
5477,Pass
5478,Withdrawn
5479,Withdrawn
5480,Withdrawn
5481,Pass
5482,Fail
5483,Fail
5484,Withdrawn
5485,Withdrawn
5486,Withdrawn
5487,Pass
5488,Withdrawn
5489,Fail
5490,Pass
5491,Pass
5492,Pass
5493,Fail
5494,Pass
5495,Pass
5496,Pass
5497,Fail
5498,Withdrawn
5499,Pass
5500,Pass
5501,Pass
5502,Fail
5503,Withdrawn
5504,Pass
5505,Pass
5506,Pass
5507,Pass
5508,Pass
5509,Pass
5510,Pass
5511,Withdrawn
5512,Withdrawn
5513,Fail
5514,Pass
5515,Fail
5516,Pass
5517,Pass
5518,Fail
5519,Withdrawn
5520,Pass
5521,Withdrawn
5522,Fail
5523,Withdrawn
5524,Pass
5525,Withdrawn
5526,Pass
5527,Pass
5528,Pass
5529,Withdrawn
5530,Withdrawn
5531,Pass
5532,Pass
5533,Pass
5534,Pass
5535,Withdrawn
5536,Withdrawn
5537,Pass
5538,Withdrawn
5539,Pass
5540,Pass
5541,Pass
5542,Withdrawn
5543,Pass
5544,Pass
5545,Pass
5546,Pass
5547,Fail
5548,Pass
5549,Pass
5550,Pass
5551,Pass
5552,Pass
5553,Pass
5554,Withdrawn
5555,Pass
5556,Withdrawn
5557,Pass
5558,Fail
5559,Pass
5560,Pass
5561,Fail
5562,Pass
5563,Pass
5564,Pass
5565,Pass
5566,Pass
5567,Fail
5568,Withdrawn
5569,Pass
5570,Withdrawn
5571,Pass
5572,Pass
5573,Pass
5574,Pass
5575,Pass
5576,Withdrawn
5577,Fail
5578,Withdrawn
5579,Pass
5580,Pass
5581,Withdrawn
5582,Fail
5583,Withdrawn
5584,Fail
5585,Pass
5586,Pass
5587,Pass
5588,Pass
5589,Pass
5590,Withdrawn
5591,Withdrawn
5592,Pass
5593,Withdrawn
5594,Fail
5595,Pass
5596,Pass
5597,Pass
5598,Fail
5599,Fail
5600,Withdrawn
5601,Pass
5602,Pass
5603,Withdrawn
5604,Pass
5605,Pass
5606,Fail
5607,Pass
5608,Withdrawn
5609,Fail
5610,Pass
5611,Fail
5612,Fail
5613,Pass
5614,Pass
5615,Pass
5616,Fail
5617,Pass
5618,Pass
5619,Fail
5620,Pass
5621,Pass
5622,Fail
5623,Withdrawn
5624,Fail
5625,Pass
5626,Pass
5627,Pass
5628,Pass
5629,Pass
5630,Pass
5631,Withdrawn
5632,Withdrawn
5633,Pass
5634,Pass
5635,Fail
5636,Pass
5637,Pass
5638,Pass
5639,Withdrawn
5640,Pass
5641,Pass
5642,Fail
5643,Fail
5644,Fail
5645,Fail
5646,Pass
5647,Pass
5648,Withdrawn
5649,Fail
5650,Pass
5651,Fail
5652,Withdrawn
5653,Withdrawn
5654,Pass
5655,Pass
5656,Pass
5657,Pass
5658,Withdrawn
5659,Withdrawn
5660,Pass
5661,Withdrawn
5662,Pass
5663,Pass
5664,Pass
5665,Pass
5666,Pass
5667,Pass
5668,Pass
5669,Pass
5670,Pass
5671,Withdrawn
5672,Pass
5673,Withdrawn
5674,Pass
5675,Withdrawn
5676,Pass
5677,Withdrawn
5678,Withdrawn
5679,Pass
5680,Pass
5681,Pass
5682,Pass
5683,Pass
5684,Pass
5685,Pass
5686,Withdrawn
5687,Fail
5688,Pass
5689,Pass
5690,Pass
5691,Pass
5692,Pass
5693,Pass
5694,Fail
5695,Withdrawn
5696,Withdrawn
5697,Pass
5698,Pass
5699,Fail
5700,Pass
5701,Withdrawn
5702,Withdrawn
5703,Pass
5704,Pass
5705,Pass
5706,Pass
5707,Fail
5708,Fail
5709,Pass
5710,Pass
5711,Pass
5712,Pass
5713,Withdrawn
5714,Pass
5715,Fail
5716,Pass
5717,Pass
5718,Pass
5719,Fail
5720,Pass
5721,Withdrawn
5722,Pass
5723,Pass
5724,Pass
5725,Withdrawn
5726,Pass
5727,Fail
5728,Fail
5729,Fail
5730,Withdrawn
5731,Fail
5732,Pass
5733,Withdrawn
5734,Pass
5735,Fail
5736,Withdrawn
5737,Pass
5738,Pass
5739,Pass
5740,Withdrawn
5741,Pass
5742,Pass
5743,Withdrawn
5744,Withdrawn
5745,Pass
5746,Fail
5747,Withdrawn
5748,Withdrawn
5749,Pass
5750,Withdrawn
5751,Pass
5752,Withdrawn
5753,Withdrawn
5754,Withdrawn
5755,Pass
5756,Withdrawn
5757,Pass
5758,Pass
5759,Withdrawn
5760,Fail
5761,Fail
5762,Pass
5763,Pass
5764,Pass
5765,Withdrawn
5766,Pass
5767,Withdrawn
5768,Withdrawn
5769,Pass
5770,Pass
5771,Withdrawn
5772,Pass
5773,Pass
5774,Withdrawn
5775,Fail
5776,Pass
5777,Withdrawn
5778,Pass
5779,Pass
5780,Pass
5781,Pass
5782,Pass
5783,Withdrawn
5784,Withdrawn
5785,Pass
5786,Pass
5787,Pass
5788,Pass
5789,Fail
5790,Fail
5791,Pass
5792,Pass
5793,Fail
5794,Fail
5795,Pass
5796,Pass
5797,Pass
5798,Fail
5799,Pass
5800,Pass
5801,Pass
5802,Pass
5803,Fail
5804,Pass
5805,Pass
5806,Fail
5807,Pass
5808,Pass
5809,Pass
5810,Pass
5811,Fail
5812,Pass
5813,Pass
5814,Pass
5815,Pass
5816,Withdrawn
5817,Pass
5818,Withdrawn
5819,Pass
5820,Pass
5821,Pass
5822,Pass
5823,Fail
5824,Withdrawn
5825,Fail
5826,Withdrawn
5827,Pass
5828,Pass
5829,Withdrawn
5830,Fail
5831,Pass
5832,Withdrawn
5833,Pass
5834,Fail
5835,Withdrawn
5836,Pass
5837,Pass
5838,Withdrawn
5839,Withdrawn
5840,Pass
5841,Withdrawn
5842,Pass
5843,Pass
5844,Pass
5845,Withdrawn
5846,Pass
5847,Pass
5848,Withdrawn
5849,Withdrawn
5850,Withdrawn
5851,Withdrawn
5852,Pass
5853,Pass
5854,Fail
5855,Withdrawn
5856,Pass
5857,Pass
5858,Pass
5859,Pass
5860,Pass
5861,Pass
5862,Pass
5863,Pass
5864,Pass
5865,Pass
5866,Pass
5867,Pass
5868,Pass
5869,Withdrawn
5870,Fail
5871,Withdrawn
5872,Pass
5873,Withdrawn
5874,Fail
5875,Withdrawn
5876,Withdrawn
5877,Withdrawn
5878,Fail
5879,Pass
5880,Fail
5881,Fail
5882,Withdrawn
5883,Pass
5884,Pass
5885,Pass
5886,Pass
5887,Withdrawn
5888,Fail
5889,Pass
5890,Withdrawn
5891,Pass
5892,Pass
5893,Fail
5894,Pass
5895,Withdrawn
5896,Withdrawn
5897,Withdrawn
5898,Pass
5899,Fail
5900,Fail
5901,Pass
5902,Pass
5903,Fail
5904,Pass
5905,Pass
5906,Withdrawn
5907,Withdrawn
5908,Withdrawn
5909,Pass
5910,Pass
5911,Pass
5912,Pass
5913,Withdrawn
5914,Pass
5915,Pass
5916,Pass
5917,Pass
5918,Fail
5919,Withdrawn
5920,Pass
5921,Pass
5922,Fail
5923,Withdrawn
5924,Pass
5925,Pass
5926,Withdrawn
5927,Pass
5928,Fail
5929,Pass
5930,Fail
5931,Pass
5932,Pass
5933,Pass
5934,Pass
5935,Pass
5936,Withdrawn
5937,Pass
5938,Withdrawn
5939,Withdrawn
5940,Withdrawn
5941,Fail
5942,Pass
5943,Pass
5944,Fail
5945,Withdrawn
5946,Withdrawn
5947,Pass
5948,Pass
5949,Pass
5950,Withdrawn
5951,Withdrawn
5952,Withdrawn
5953,Pass
5954,Pass
5955,Withdrawn
5956,Pass
5957,Withdrawn
5958,Fail
5959,Fail
5960,Fail
5961,Pass
5962,Withdrawn
5963,Withdrawn
5964,Fail
5965,Fail
5966,Pass
5967,Pass
5968,Pass
5969,Pass
5970,Pass
5971,Withdrawn
5972,Pass
5973,Pass
5974,Fail
5975,Pass
5976,Withdrawn
5977,Fail
5978,Fail
5979,Pass
5980,Pass
5981,Pass
5982,Pass
5983,Withdrawn
5984,Pass
5985,Withdrawn
5986,Pass
5987,Pass
5988,Fail
5989,Pass
5990,Pass
5991,Fail
5992,Pass
5993,Withdrawn
5994,Pass
5995,Withdrawn
5996,Pass
5997,Withdrawn
5998,Pass
5999,Pass
6000,Withdrawn
6001,Fail
6002,Pass
6003,Pass
6004,Pass
6005,Withdrawn
6006,Fail
6007,Fail
6008,Pass
6009,Withdrawn
6010,Fail
6011,Pass
6012,Pass
6013,Withdrawn
6014,Pass
6015,Pass
6016,Fail
6017,Pass
6018,Pass
6019,Pass
6020,Withdrawn
6021,Pass
6022,Pass
6023,Pass
6024,Pass
6025,Pass
6026,Pass
6027,Pass
6028,Withdrawn
6029,Pass
6030,Withdrawn
6031,Pass
6032,Withdrawn
6033,Fail
6034,Pass
6035,Pass
6036,Withdrawn
6037,Pass
6038,Pass
6039,Pass
6040,Withdrawn
6041,Pass
6042,Pass
6043,Withdrawn
6044,Pass
6045,Withdrawn
6046,Pass
6047,Pass
6048,Pass
6049,Pass
6050,Pass
6051,Pass
6052,Pass
6053,Pass
6054,Pass
6055,Pass
6056,Pass
6057,Pass
6058,Fail
6059,Withdrawn
6060,Withdrawn
6061,Pass
6062,Pass
6063,Pass
6064,Withdrawn
6065,Fail
6066,Pass
6067,Pass
6068,Withdrawn
6069,Pass
6070,Pass
6071,Pass
6072,Withdrawn
6073,Pass
6074,Pass
6075,Pass
6076,Pass
6077,Pass
6078,Pass
6079,Pass
6080,Withdrawn
6081,Pass
6082,Withdrawn
6083,Pass
6084,Pass
6085,Pass
6086,Pass
6087,Pass
6088,Pass
6089,Pass
6090,Withdrawn
6091,Pass
6092,Pass
6093,Pass
6094,Withdrawn
6095,Pass
6096,Withdrawn
6097,Fail
6098,Pass
6099,Pass
6100,Pass
6101,Pass
6102,Withdrawn
6103,Pass
6104,Withdrawn
6105,Pass
6106,Fail
6107,Pass
6108,Pass
6109,Pass
6110,Pass
6111,Fail
6112,Pass
6113,Withdrawn
6114,Fail
6115,Withdrawn
6116,Pass
6117,Pass
6118,Pass
6119,Pass
6120,Withdrawn
6121,Withdrawn
6122,Pass
6123,Pass
6124,Pass
6125,Pass
6126,Pass
6127,Withdrawn
6128,Withdrawn
6129,Pass
6130,Pass
6131,Pass
6132,Withdrawn
6133,Pass
6134,Fail
6135,Pass
6136,Withdrawn
6137,Fail
6138,Pass
6139,Withdrawn
6140,Withdrawn
6141,Pass
6142,Pass
6143,Pass
6144,Fail
6145,Pass
6146,Pass
6147,Fail
6148,Pass
6149,Pass
6150,Fail
6151,Fail
6152,Fail
6153,Pass
6154,Pass
6155,Fail
6156,Pass
6157,Pass
6158,Withdrawn
6159,Fail
6160,Pass
6161,Pass
6162,Fail
6163,Pass
6164,Pass
6165,Pass
6166,Pass
6167,Fail
6168,Pass
6169,Withdrawn
6170,Pass
6171,Pass
6172,Pass
6173,Fail
6174,Fail
6175,Pass
6176,Pass
6177,Pass
6178,Withdrawn
6179,Pass
6180,Fail
6181,Withdrawn
6182,Withdrawn
6183,Pass
6184,Fail
6185,Pass
6186,Pass
6187,Withdrawn
6188,Withdrawn
6189,Pass
6190,Pass
6191,Fail
6192,Pass
6193,Withdrawn
6194,Withdrawn
6195,Withdrawn
6196,Pass
6197,Pass
6198,Fail
6199,Fail
6200,Pass
6201,Withdrawn
6202,Withdrawn
6203,Pass
6204,Withdrawn
6205,Pass
6206,Withdrawn
6207,Pass
6208,Pass
6209,Pass
6210,Withdrawn
6211,Pass
6212,Pass
6213,Pass
6214,Withdrawn
6215,Withdrawn
6216,Fail
6217,Pass
6218,Withdrawn
6219,Pass
6220,Pass
6221,Withdrawn
6222,Pass
6223,Withdrawn
6224,Pass
6225,Pass
6226,Pass
6227,Pass
6228,Pass
6229,Pass
6230,Withdrawn
6231,Withdrawn
6232,Pass
6233,Pass
6234,Fail
6235,Withdrawn
6236,Pass
6237,Pass
6238,Pass
6239,Fail
6240,Fail
6241,Fail
6242,Withdrawn
6243,Fail
6244,Pass
6245,Fail
6246,Pass
6247,Pass
6248,Fail
6249,Pass
6250,Pass
6251,Withdrawn
6252,Pass
6253,Pass
6254,Withdrawn
6255,Pass
6256,Withdrawn
6257,Fail
6258,Fail
6259,Withdrawn
6260,Pass
6261,Fail
6262,Pass
6263,Withdrawn
6264,Withdrawn
6265,Fail
6266,Pass
6267,Pass
6268,Fail
6269,Pass
6270,Pass
6271,Pass
6272,Fail
6273,Pass
6274,Pass
6275,Pass
6276,Fail
6277,Fail
6278,Pass
6279,Withdrawn
6280,Pass
6281,Pass
6282,Pass
6283,Pass
6284,Withdrawn
6285,Pass
6286,Withdrawn
6287,Withdrawn
6288,Pass
6289,Pass
6290,Withdrawn
6291,Pass
6292,Pass
6293,Fail
6294,Pass
6295,Pass
6296,Withdrawn
6297,Withdrawn
6298,Pass
6299,Pass
6300,Pass
6301,Withdrawn
6302,Pass
6303,Pass
6304,Pass
6305,Pass
6306,Withdrawn
6307,Pass
6308,Pass
6309,Fail
6310,Pass
6311,Pass
6312,Withdrawn
6313,Withdrawn
6314,Fail
6315,Withdrawn
6316,Fail
6317,Fail
6318,Fail
6319,Pass
6320,Withdrawn
6321,Pass
6322,Pass
6323,Fail
6324,Pass
6325,Pass
6326,Pass
6327,Pass
6328,Pass
6329,Withdrawn
6330,Fail
6331,Withdrawn
6332,Pass
6333,Pass
6334,Pass
6335,Withdrawn
6336,Pass
6337,Pass
6338,Pass
6339,Withdrawn
6340,Fail
6341,Pass
6342,Pass
6343,Pass
6344,Pass
6345,Pass
6346,Pass
6347,Fail
6348,Pass
6349,Pass
6350,Fail
6351,Pass
6352,Pass
6353,Withdrawn
6354,Fail
6355,Withdrawn
6356,Pass
6357,Fail
6358,Pass
6359,Fail
6360,Pass
6361,Withdrawn
6362,Pass
6363,Pass
6364,Withdrawn
6365,Withdrawn
6366,Fail
6367,Pass
6368,Withdrawn
6369,Pass
6370,Pass
6371,Pass
6372,Pass
6373,Pass
6374,Withdrawn
6375,Pass
6376,Fail
6377,Withdrawn
6378,Withdrawn
6379,Pass
6380,Fail
6381,Withdrawn
6382,Pass
6383,Pass
6384,Pass
6385,Pass
6386,Pass
6387,Pass
6388,Pass
6389,Pass
6390,Pass
6391,Pass
6392,Withdrawn
6393,Fail
6394,Pass
6395,Withdrawn
6396,Pass
6397,Pass
6398,Pass
6399,Withdrawn
6400,Withdrawn
6401,Fail
6402,Pass
6403,Withdrawn
6404,Withdrawn
6405,Withdrawn
6406,Pass
6407,Withdrawn
6408,Pass
6409,Pass
6410,Withdrawn
6411,Pass
6412,Withdrawn
6413,Fail
6414,Pass
6415,Fail
6416,Pass
6417,Withdrawn
6418,Fail
6419,Pass
6420,Withdrawn
6421,Pass
6422,Withdrawn
6423,Withdrawn
6424,Pass
6425,Pass
6426,Pass
6427,Pass
6428,Pass
6429,Pass
6430,Pass
6431,Fail
6432,Withdrawn
6433,Pass
6434,Pass
6435,Pass
6436,Pass
6437,Fail
6438,Pass
6439,Pass
6440,Pass
6441,Pass
6442,Fail
6443,Pass
6444,Pass
6445,Pass
6446,Pass
6447,Pass
6448,Pass
6449,Pass
6450,Pass
6451,Fail
6452,Fail
6453,Fail
6454,Pass
6455,Withdrawn
6456,Fail
6457,Pass
6458,Withdrawn
6459,Fail
6460,Withdrawn
6461,Pass
6462,Pass
6463,Pass
6464,Withdrawn
6465,Pass
6466,Withdrawn
6467,Pass
6468,Pass
6469,Pass
6470,Withdrawn
6471,Pass
6472,Pass
6473,Pass
6474,Fail
6475,Withdrawn
6476,Withdrawn
6477,Pass
6478,Withdrawn
6479,Withdrawn
6480,Pass
6481,Pass
6482,Pass
6483,Withdrawn
6484,Pass
6485,Pass
6486,Pass
6487,Pass
6488,Pass
6489,Pass
6490,Pass
6491,Withdrawn
6492,Pass
6493,Pass
6494,Pass
6495,Pass
6496,Pass
6497,Pass
6498,Pass
6499,Pass
6500,Pass
6501,Fail
6502,Withdrawn
6503,Withdrawn
6504,Pass
6505,Fail
6506,Pass
6507,Withdrawn
6508,Pass
6509,Pass
6510,Pass
6511,Withdrawn
6512,Pass
6513,Withdrawn
6514,Pass
6515,Pass
6516,Pass
6517,Withdrawn
6518,Withdrawn
6519,Pass
6520,Withdrawn
6521,Pass
6522,Withdrawn
6523,Pass
6524,Withdrawn
6525,Pass
6526,Pass
6527,Pass
6528,Pass
6529,Pass
6530,Pass
6531,Pass
6532,Withdrawn
6533,Withdrawn
6534,Pass
6535,Withdrawn
6536,Pass
6537,Withdrawn
6538,Pass
6539,Pass
6540,Pass
6541,Withdrawn
6542,Fail
6543,Pass
6544,Pass
6545,Pass
6546,Pass
6547,Pass
6548,Withdrawn
6549,Pass
6550,Pass
6551,Withdrawn
6552,Withdrawn
6553,Pass
6554,Fail
6555,Fail
6556,Pass
6557,Pass
6558,Withdrawn
6559,Withdrawn
6560,Withdrawn
6561,Withdrawn
6562,Withdrawn
6563,Pass
6564,Fail
6565,Withdrawn
6566,Pass
6567,Withdrawn
6568,Pass
6569,Withdrawn
6570,Pass
6571,Withdrawn
6572,Pass
6573,Pass
6574,Pass
6575,Pass
6576,Withdrawn
6577,Pass
6578,Fail
6579,Pass
6580,Fail
6581,Pass
6582,Pass
6583,Fail
6584,Pass
6585,Fail
6586,Fail
6587,Pass
6588,Pass
6589,Pass
6590,Pass
6591,Pass
6592,Withdrawn
6593,Withdrawn
6594,Fail
6595,Withdrawn
6596,Withdrawn
6597,Pass
6598,Pass
6599,Fail
6600,Pass
6601,Pass
6602,Withdrawn
6603,Pass
6604,Withdrawn
6605,Fail
6606,Pass
6607,Pass
6608,Pass
6609,Pass
6610,Withdrawn
6611,Pass
6612,Fail
6613,Fail
6614,Pass
6615,Pass
6616,Withdrawn
6617,Pass
6618,Pass
6619,Pass
6620,Withdrawn
6621,Withdrawn
6622,Pass
6623,Withdrawn
6624,Pass
6625,Pass
6626,Pass
6627,Pass
6628,Pass
6629,Pass
6630,Withdrawn
6631,Pass
6632,Pass
6633,Pass
6634,Fail
6635,Pass
6636,Pass
6637,Pass
6638,Withdrawn
6639,Withdrawn
6640,Withdrawn
6641,Pass
6642,Withdrawn
6643,Withdrawn
6644,Fail
6645,Fail
6646,Pass
6647,Pass
6648,Withdrawn
6649,Pass
6650,Pass
6651,Withdrawn
6652,Pass
6653,Withdrawn
6654,Pass
6655,Fail
6656,Fail
6657,Withdrawn
6658,Withdrawn
6659,Pass
6660,Fail
6661,Pass
6662,Pass
6663,Fail
6664,Pass
6665,Pass
6666,Fail
6667,Withdrawn
6668,Pass
6669,Pass
6670,Pass
6671,Pass
6672,Pass
6673,Withdrawn
6674,Pass
6675,Pass
6676,Pass
6677,Pass
6678,Pass
6679,Withdrawn
6680,Pass
6681,Pass
6682,Pass
6683,Pass
6684,Fail
6685,Withdrawn
6686,Pass
6687,Withdrawn
6688,Pass
6689,Withdrawn
6690,Withdrawn
6691,Pass
6692,Pass
6693,Pass
6694,Withdrawn
6695,Pass
6696,Pass
6697,Pass
6698,Pass
6699,Pass
6700,Pass
6701,Fail
6702,Pass
6703,Withdrawn
6704,Fail
6705,Pass
6706,Pass
6707,Pass
6708,Pass
6709,Withdrawn
6710,Pass
6711,Withdrawn
6712,Pass
6713,Pass
6714,Withdrawn
6715,Pass
6716,Withdrawn
6717,Fail
6718,Pass
6719,Pass
6720,Pass
6721,Withdrawn
6722,Withdrawn
6723,Pass
6724,Withdrawn
6725,Fail
6726,Pass
6727,Pass
6728,Withdrawn
6729,Fail
6730,Fail
6731,Pass
6732,Pass
6733,Pass
6734,Pass
6735,Pass
6736,Withdrawn
6737,Fail
6738,Withdrawn
6739,Pass
6740,Pass
6741,Pass
6742,Fail
6743,Fail
6744,Pass
6745,Fail
6746,Withdrawn
6747,Fail
6748,Pass
6749,Pass
6750,Fail
6751,Pass
6752,Withdrawn
6753,Withdrawn
6754,Fail
6755,Withdrawn
6756,Pass
6757,Pass
6758,Pass
6759,Fail
6760,Pass
6761,Pass
6762,Withdrawn
6763,Withdrawn
6764,Fail
6765,Withdrawn
6766,Fail
6767,Withdrawn
6768,Pass
6769,Pass
6770,Withdrawn
6771,Pass
6772,Withdrawn
6773,Pass
6774,Pass
6775,Withdrawn
6776,Withdrawn
6777,Withdrawn
6778,Pass
6779,Pass
6780,Withdrawn
6781,Pass
6782,Fail
6783,Fail
6784,Pass
6785,Fail
6786,Pass
6787,Pass
6788,Pass
6789,Fail
6790,Pass
6791,Pass
6792,Fail
6793,Pass
6794,Pass
6795,Pass
6796,Withdrawn
6797,Pass
6798,Pass
6799,Pass
6800,Pass
6801,Pass
6802,Pass
6803,Pass
6804,Pass
6805,Pass
6806,Pass
6807,Pass
6808,Fail
6809,Pass
6810,Fail
6811,Pass
6812,Pass
6813,Withdrawn
6814,Fail
6815,Withdrawn
6816,Fail
6817,Pass
6818,Pass
6819,Fail
6820,Pass
6821,Pass
6822,Withdrawn
6823,Pass
6824,Withdrawn
6825,Withdrawn
6826,Pass
6827,Pass
6828,Fail
6829,Pass
6830,Pass
6831,Pass
6832,Fail
6833,Pass
6834,Pass
6835,Pass
6836,Pass
6837,Withdrawn
6838,Fail
6839,Withdrawn
6840,Pass
6841,Pass
6842,Withdrawn
6843,Withdrawn
6844,Pass
6845,Pass
6846,Withdrawn
6847,Withdrawn
6848,Fail
6849,Pass
6850,Fail
6851,Fail
6852,Withdrawn
6853,Withdrawn
6854,Pass
6855,Pass
6856,Withdrawn
6857,Fail
6858,Fail
6859,Pass
6860,Pass
6861,Pass
6862,Pass
6863,Withdrawn
6864,Pass
6865,Withdrawn
6866,Pass
6867,Pass
6868,Pass
6869,Pass
6870,Fail
6871,Withdrawn
6872,Withdrawn
6873,Withdrawn
6874,Pass
6875,Fail
6876,Pass
6877,Pass
6878,Withdrawn
6879,Pass
6880,Pass
6881,Pass
6882,Fail
6883,Fail
6884,Withdrawn
6885,Pass
6886,Withdrawn
6887,Pass
6888,Pass
6889,Pass
6890,Withdrawn
6891,Pass
6892,Fail
6893,Withdrawn
6894,Pass
6895,Pass
6896,Pass
6897,Withdrawn
6898,Pass
6899,Withdrawn
6900,Pass
6901,Pass
6902,Pass
6903,Pass
6904,Fail
6905,Withdrawn
6906,Pass
6907,Pass
6908,Fail
6909,Pass
6910,Pass
6911,Pass
6912,Pass
6913,Pass
6914,Withdrawn
6915,Pass
6916,Withdrawn
6917,Pass
6918,Pass
6919,Fail
6920,Withdrawn
6921,Pass
6922,Fail
6923,Pass
6924,Pass
6925,Pass
6926,Pass
6927,Pass
6928,Pass
6929,Pass
6930,Fail
6931,Pass
6932,Pass
6933,Fail
6934,Withdrawn
6935,Withdrawn
6936,Withdrawn
6937,Withdrawn
6938,Pass
6939,Pass
6940,Withdrawn
6941,Pass
6942,Fail
6943,Withdrawn
6944,Fail
6945,Pass
6946,Pass
6947,Withdrawn
6948,Pass
6949,Fail
6950,Pass
6951,Pass
6952,Withdrawn
6953,Pass
6954,Withdrawn
6955,Withdrawn
6956,Pass
6957,Pass
6958,Pass
6959,Withdrawn
6960,Withdrawn
6961,Pass
6962,Pass
6963,Fail
6964,Pass
6965,Pass
6966,Pass
6967,Pass
6968,Withdrawn
6969,Withdrawn
6970,Withdrawn
6971,Pass
6972,Withdrawn
6973,Pass
6974,Fail
6975,Pass
6976,Withdrawn
6977,Pass
6978,Fail
6979,Pass
6980,Pass
6981,Withdrawn
6982,Pass
6983,Fail
6984,Pass
6985,Pass
6986,Pass
6987,Pass
6988,Withdrawn
6989,Pass
6990,Pass
6991,Withdrawn
6992,Withdrawn
6993,Pass
6994,Pass
6995,Pass
6996,Withdrawn
6997,Fail
6998,Withdrawn
6999,Pass
7000,Pass
7001,Withdrawn
7002,Pass
7003,Fail
7004,Withdrawn
7005,Pass
7006,Pass
7007,Pass
7008,Fail
7009,Pass
7010,Withdrawn
7011,Withdrawn
7012,Pass
7013,Withdrawn
7014,Fail
7015,Fail
7016,Withdrawn
7017,Fail
7018,Pass
7019,Pass
7020,Pass
7021,Withdrawn
7022,Pass
7023,Withdrawn
7024,Pass
7025,Fail
7026,Withdrawn
7027,Pass
7028,Pass
7029,Withdrawn
7030,Withdrawn
7031,Fail
7032,Pass
7033,Pass
7034,Fail
7035,Withdrawn
7036,Fail
7037,Pass
7038,Pass
7039,Pass
7040,Withdrawn
7041,Fail
7042,Withdrawn
7043,Pass
7044,Withdrawn
7045,Pass
7046,Fail
7047,Fail
7048,Pass
7049,Withdrawn
7050,Withdrawn
7051,Pass
7052,Fail
7053,Pass
7054,Pass
7055,Pass
7056,Pass
7057,Withdrawn
7058,Pass
7059,Fail
7060,Pass
7061,Fail
7062,Fail
7063,Withdrawn
7064,Pass
7065,Pass
7066,Pass
7067,Fail
7068,Pass
7069,Withdrawn
7070,Pass
7071,Withdrawn
7072,Withdrawn
7073,Pass
7074,Pass
7075,Withdrawn
7076,Fail
7077,Fail
7078,Pass
7079,Pass
7080,Withdrawn
7081,Pass
7082,Withdrawn
7083,Pass
7084,Withdrawn
7085,Withdrawn
7086,Pass
7087,Withdrawn
7088,Fail
7089,Withdrawn
7090,Pass
7091,Pass
7092,Fail
7093,Fail
7094,Withdrawn
7095,Fail
7096,Pass
7097,Pass
7098,Pass
7099,Pass
7100,Pass
7101,Fail
7102,Pass
7103,Pass
7104,Pass
7105,Pass
7106,Pass
7107,Withdrawn
7108,Pass
7109,Pass
7110,Fail
7111,Fail
7112,Fail
7113,Pass
7114,Pass
7115,Pass
7116,Pass
7117,Withdrawn
7118,Pass
7119,Pass
7120,Pass
7121,Pass
7122,Pass
7123,Pass
7124,Withdrawn
7125,Pass
7126,Pass
7127,Pass
7128,Pass
7129,Pass
7130,Pass
7131,Pass
7132,Pass
7133,Pass
7134,Pass
7135,Fail
7136,Withdrawn
7137,Pass
7138,Pass
7139,Pass
7140,Pass
7141,Pass
7142,Withdrawn
7143,Pass
7144,Pass
7145,Fail
7146,Pass
7147,Withdrawn
7148,Fail
7149,Withdrawn
7150,Pass
7151,Pass
7152,Pass
7153,Fail
7154,Pass
7155,Pass
7156,Fail
7157,Withdrawn
7158,Withdrawn
7159,Withdrawn
7160,Withdrawn
7161,Pass
7162,Fail
7163,Fail
7164,Pass
7165,Pass
7166,Pass
7167,Fail
7168,Pass
7169,Pass
7170,Pass
7171,Fail
7172,Pass
7173,Pass
7174,Pass
7175,Pass
7176,Withdrawn
7177,Withdrawn
7178,Pass
7179,Pass
7180,Pass
7181,Withdrawn
7182,Withdrawn
7183,Withdrawn
7184,Pass
7185,Pass
7186,Pass
7187,Withdrawn
7188,Withdrawn
7189,Pass
7190,Withdrawn
7191,Pass
7192,Pass
7193,Pass
7194,Pass
7195,Pass
7196,Pass
7197,Withdrawn
7198,Pass
7199,Pass
7200,Pass
7201,Fail
7202,Pass
7203,Fail
7204,Pass
7205,Pass
7206,Withdrawn
7207,Pass
7208,Pass
7209,Pass
7210,Pass
7211,Pass
7212,Pass
7213,Withdrawn
7214,Fail
7215,Withdrawn
7216,Withdrawn
7217,Fail
7218,Pass
7219,Fail
7220,Pass
7221,Withdrawn
7222,Pass
7223,Fail
7224,Pass
7225,Pass
7226,Pass
7227,Pass
7228,Pass
7229,Fail
7230,Withdrawn
7231,Pass
7232,Pass
7233,Pass
7234,Pass
7235,Pass
7236,Fail
7237,Pass
7238,Pass
7239,Pass
7240,Withdrawn
7241,Pass
7242,Fail
7243,Pass
7244,Pass
7245,Pass
7246,Fail
7247,Pass
7248,Pass
7249,Pass
7250,Pass
7251,Fail
7252,Pass
7253,Pass
7254,Pass
7255,Pass
7256,Withdrawn
7257,Withdrawn
7258,Pass
7259,Fail
7260,Withdrawn
7261,Pass
7262,Withdrawn
7263,Withdrawn
7264,Pass
7265,Withdrawn
7266,Pass
7267,Pass
7268,Pass
7269,Fail
7270,Pass
7271,Pass
7272,Pass
7273,Pass
7274,Fail
7275,Fail
7276,Pass
7277,Pass
7278,Withdrawn
7279,Withdrawn
7280,Withdrawn
7281,Pass
7282,Fail
7283,Pass
7284,Pass
7285,Pass
7286,Withdrawn
7287,Pass
7288,Pass
7289,Pass
7290,Pass
7291,Fail
7292,Withdrawn
7293,Pass
7294,Pass
7295,Fail
7296,Fail
7297,Fail
7298,Pass
7299,Pass
7300,Pass
7301,Withdrawn
7302,Pass
7303,Pass
7304,Pass
7305,Pass
7306,Pass
7307,Pass
7308,Pass
7309,Withdrawn
7310,Withdrawn
7311,Pass
7312,Pass
7313,Withdrawn
7314,Pass
7315,Withdrawn
7316,Withdrawn
7317,Pass
7318,Pass
7319,Pass
7320,Pass
7321,Fail
7322,Fail
7323,Withdrawn
7324,Pass
7325,Pass
7326,Pass
7327,Fail
7328,Pass
7329,Fail
7330,Withdrawn
7331,Pass
7332,Pass
7333,Pass
7334,Pass
7335,Pass
7336,Pass
7337,Pass
7338,Pass
7339,Pass
7340,Pass
7341,Withdrawn
7342,Pass
7343,Pass
7344,Fail
7345,Withdrawn
7346,Withdrawn
7347,Pass
7348,Pass
7349,Pass
7350,Withdrawn
7351,Pass
7352,Pass
7353,Pass
7354,Pass
7355,Withdrawn
7356,Pass
7357,Pass
7358,Withdrawn
7359,Pass
7360,Pass
7361,Pass
7362,Pass
7363,Fail
7364,Fail
7365,Pass
7366,Withdrawn
7367,Pass
7368,Pass
7369,Withdrawn
7370,Withdrawn
7371,Withdrawn
7372,Fail
7373,Pass
7374,Pass
7375,Pass
7376,Withdrawn
7377,Withdrawn
7378,Withdrawn
7379,Pass
7380,Pass
7381,Withdrawn
7382,Withdrawn
7383,Pass
7384,Withdrawn
7385,Pass
7386,Fail
7387,Pass
7388,Pass
7389,Pass
7390,Pass
7391,Pass
7392,Withdrawn
7393,Pass
7394,Withdrawn
7395,Pass
7396,Fail
7397,Pass
7398,Pass
7399,Withdrawn
7400,Pass
7401,Pass
7402,Pass
7403,Pass
7404,Pass
7405,Withdrawn
7406,Withdrawn
7407,Withdrawn
7408,Pass
7409,Fail
7410,Pass
7411,Withdrawn
7412,Pass
7413,Withdrawn
7414,Withdrawn
7415,Fail
7416,Pass
7417,Withdrawn
7418,Pass
7419,Fail
7420,Fail
7421,Pass
7422,Fail
7423,Pass
7424,Pass
7425,Pass
7426,Pass
7427,Withdrawn
7428,Fail
7429,Pass
7430,Pass
7431,Pass
7432,Pass
7433,Fail
7434,Pass
7435,Withdrawn
7436,Pass
7437,Pass
7438,Withdrawn
7439,Pass
7440,Pass
7441,Pass
7442,Pass
7443,Fail
7444,Pass
7445,Withdrawn
7446,Withdrawn
7447,Fail
7448,Withdrawn
7449,Fail
7450,Pass
7451,Withdrawn
7452,Pass
7453,Withdrawn
7454,Withdrawn
7455,Fail
7456,Fail
7457,Withdrawn
7458,Pass
7459,Pass
7460,Pass
7461,Pass
7462,Pass
7463,Pass
7464,Withdrawn
7465,Pass
7466,Pass
7467,Pass
7468,Pass
7469,Pass
7470,Pass
7471,Pass
7472,Pass
7473,Pass
7474,Fail
7475,Fail
7476,Fail
7477,Pass
7478,Pass
7479,Withdrawn
7480,Pass
7481,Withdrawn
7482,Pass
7483,Pass
7484,Pass
7485,Pass
7486,Pass
7487,Pass
7488,Withdrawn
7489,Withdrawn
7490,Withdrawn
7491,Pass
7492,Withdrawn
7493,Pass
7494,Pass
7495,Withdrawn
7496,Pass
7497,Pass
7498,Withdrawn
7499,Withdrawn
7500,Pass
7501,Withdrawn
7502,Pass
7503,Pass
7504,Fail
7505,Withdrawn
7506,Pass
7507,Pass
7508,Pass
7509,Pass
7510,Pass
7511,Pass
7512,Withdrawn
7513,Withdrawn
7514,Pass
7515,Fail
7516,Pass
7517,Withdrawn
7518,Pass
7519,Pass
7520,Withdrawn
7521,Withdrawn
7522,Pass
7523,Fail
7524,Fail
7525,Pass
7526,Fail
7527,Pass
7528,Fail
7529,Withdrawn
7530,Withdrawn
7531,Pass
7532,Pass
7533,Pass
7534,Withdrawn
7535,Pass
7536,Pass
7537,Fail
7538,Pass
7539,Withdrawn
7540,Pass
7541,Pass
7542,Pass
7543,Pass
7544,Withdrawn
7545,Pass
7546,Pass
7547,Withdrawn
7548,Pass
7549,Pass
7550,Pass
7551,Pass
7552,Pass
7553,Fail
7554,Pass
7555,Pass
7556,Withdrawn
7557,Pass
7558,Fail
7559,Pass
7560,Pass
7561,Fail
7562,Pass
7563,Pass
7564,Fail
7565,Pass
7566,Pass
7567,Pass
7568,Withdrawn
7569,Pass
7570,Pass
7571,Fail
7572,Withdrawn
7573,Withdrawn
7574,Pass
7575,Withdrawn
7576,Withdrawn
7577,Withdrawn
7578,Pass
7579,Withdrawn
7580,Withdrawn
7581,Pass
7582,Withdrawn
7583,Fail
7584,Pass
7585,Withdrawn
7586,Pass
7587,Pass
7588,Withdrawn
7589,Fail
7590,Pass
7591,Withdrawn
7592,Pass
7593,Pass
7594,Fail
7595,Fail
7596,Pass
7597,Withdrawn
7598,Fail
7599,Pass
7600,Fail
7601,Withdrawn
7602,Fail
7603,Pass
7604,Pass
7605,Withdrawn
7606,Withdrawn
7607,Withdrawn
7608,Pass
7609,Pass
7610,Fail
7611,Fail
7612,Fail
7613,Fail
7614,Pass
7615,Withdrawn
7616,Withdrawn
7617,Pass
7618,Pass
7619,Pass
7620,Pass
7621,Pass
7622,Pass
7623,Pass
7624,Pass
7625,Pass
7626,Pass
7627,Fail
7628,Pass
7629,Fail
7630,Pass
7631,Pass
7632,Withdrawn
7633,Withdrawn
7634,Withdrawn
7635,Pass
7636,Pass
7637,Fail
7638,Pass
7639,Pass
7640,Pass
7641,Withdrawn
7642,Withdrawn
7643,Withdrawn
7644,Withdrawn
7645,Pass
7646,Pass
7647,Pass
7648,Fail
7649,Withdrawn
7650,Withdrawn
7651,Pass
7652,Pass
7653,Fail
7654,Pass
7655,Pass
7656,Withdrawn
7657,Pass
7658,Pass
7659,Pass
7660,Withdrawn
7661,Fail
7662,Pass
7663,Pass
7664,Pass
7665,Pass
7666,Fail
7667,Withdrawn
7668,Withdrawn
7669,Pass
7670,Pass
7671,Withdrawn
7672,Pass
7673,Pass
7674,Withdrawn
7675,Pass
7676,Pass
7677,Withdrawn
7678,Fail
7679,Pass
7680,Withdrawn
7681,Pass
7682,Pass
7683,Withdrawn
7684,Withdrawn
7685,Pass
7686,Pass
7687,Fail
7688,Pass
7689,Pass
7690,Pass
7691,Withdrawn
7692,Pass
7693,Pass
7694,Withdrawn
7695,Withdrawn
7696,Pass
7697,Fail
7698,Pass
7699,Fail
7700,Pass
7701,Pass
7702,Fail
7703,Pass
7704,Withdrawn
7705,Pass
7706,Pass
7707,Pass
7708,Pass
7709,Pass
7710,Withdrawn
7711,Pass
7712,Pass
7713,Pass
7714,Pass
7715,Pass
7716,Fail
7717,Fail
7718,Pass
7719,Pass
7720,Withdrawn
7721,Withdrawn
7722,Pass
7723,Pass
7724,Withdrawn
7725,Pass
7726,Pass
7727,Withdrawn
7728,Withdrawn
7729,Fail
7730,Pass
7731,Pass
7732,Fail
7733,Fail
7734,Fail
7735,Pass
7736,Fail
7737,Pass
7738,Withdrawn
7739,Fail
7740,Pass
7741,Withdrawn
7742,Fail
7743,Fail
7744,Pass
7745,Withdrawn
7746,Pass
7747,Pass
7748,Pass
7749,Fail
7750,Pass
7751,Pass
7752,Fail
7753,Pass
7754,Pass
7755,Fail
7756,Withdrawn
7757,Withdrawn
7758,Pass
7759,Pass
7760,Pass
7761,Withdrawn
7762,Pass
7763,Pass
7764,Withdrawn
7765,Pass
7766,Pass
7767,Pass
7768,Pass
7769,Withdrawn
7770,Pass
7771,Withdrawn
7772,Pass
7773,Pass
7774,Pass
7775,Withdrawn
7776,Pass
7777,Withdrawn
7778,Pass
7779,Pass
7780,Pass
7781,Pass
7782,Pass
7783,Fail
7784,Pass
7785,Pass
7786,Fail
7787,Withdrawn
7788,Pass
7789,Pass
7790,Pass
7791,Pass
7792,Pass
7793,Pass
7794,Pass
7795,Fail
7796,Pass
7797,Pass
7798,Fail
7799,Pass
7800,Pass
7801,Fail
7802,Pass
7803,Pass
7804,Withdrawn
7805,Withdrawn
7806,Pass
7807,Pass
7808,Pass
7809,Withdrawn
7810,Pass
7811,Pass
7812,Withdrawn
7813,Pass
7814,Withdrawn
7815,Pass
7816,Pass
7817,Withdrawn
7818,Withdrawn
7819,Pass
7820,Fail
7821,Pass
7822,Withdrawn
7823,Pass
7824,Withdrawn
7825,Withdrawn
7826,Pass
7827,Withdrawn
7828,Withdrawn
7829,Fail
7830,Pass
7831,Pass
7832,Pass
7833,Withdrawn
7834,Fail
7835,Pass
7836,Pass
7837,Pass
7838,Pass
7839,Pass
7840,Withdrawn
7841,Pass
7842,Pass
7843,Pass
7844,Pass
7845,Withdrawn
7846,Pass
7847,Fail
7848,Pass
7849,Pass
7850,Pass
7851,Withdrawn
7852,Pass
7853,Pass
7854,Pass
7855,Fail
7856,Pass
7857,Fail
7858,Withdrawn
7859,Pass
7860,Pass
7861,Pass
7862,Fail
7863,Pass
7864,Pass
7865,Pass
7866,Pass
7867,Pass
7868,Fail
7869,Pass
7870,Pass
7871,Withdrawn
7872,Pass
7873,Pass
7874,Pass
7875,Pass
7876,Fail
7877,Fail
7878,Withdrawn
7879,Fail
7880,Pass
7881,Withdrawn
7882,Fail
7883,Pass
7884,Pass
7885,Pass
7886,Pass
7887,Pass
7888,Pass
7889,Fail
7890,Withdrawn
7891,Pass
7892,Pass
7893,Fail
7894,Pass
7895,Pass
7896,Withdrawn
7897,Withdrawn
7898,Pass
7899,Pass
7900,Pass
7901,Pass
7902,Pass
7903,Pass
7904,Pass
7905,Pass
7906,Pass
7907,Fail
7908,Pass
7909,Fail
7910,Withdrawn
7911,Pass
7912,Pass
7913,Withdrawn
7914,Withdrawn
7915,Pass
7916,Pass
7917,Pass
7918,Pass
7919,Pass
7920,Fail
7921,Withdrawn
7922,Pass
7923,Withdrawn
7924,Pass
7925,Withdrawn
7926,Pass
7927,Pass
7928,Withdrawn
7929,Pass
7930,Withdrawn
7931,Pass
7932,Pass
7933,Pass
7934,Pass
7935,Withdrawn
7936,Withdrawn
7937,Pass
7938,Fail
7939,Pass
7940,Pass
7941,Withdrawn
7942,Fail
7943,Pass
7944,Fail
7945,Pass
7946,Pass
7947,Pass
7948,Withdrawn
7949,Pass
7950,Pass
7951,Pass
7952,Withdrawn
7953,Withdrawn
7954,Withdrawn
7955,Pass
7956,Pass
7957,Pass
7958,Pass
7959,Pass
7960,Pass
7961,Fail
7962,Pass
7963,Withdrawn
7964,Pass
7965,Withdrawn
7966,Pass
7967,Pass
7968,Pass
7969,Fail
7970,Pass
7971,Pass
7972,Pass
7973,Withdrawn
7974,Withdrawn
7975,Pass
7976,Pass
7977,Pass
7978,Pass
7979,Withdrawn
7980,Pass
7981,Fail
7982,Pass
7983,Pass
7984,Pass
7985,Withdrawn
7986,Fail
7987,Withdrawn
7988,Pass
7989,Pass
7990,Pass
7991,Withdrawn
7992,Pass
7993,Pass
7994,Withdrawn
7995,Pass
7996,Withdrawn
7997,Pass
7998,Pass
7999,Pass
8000,Withdrawn
8001,Pass
8002,Pass
8003,Pass
8004,Fail
8005,Withdrawn
8006,Fail
8007,Pass
8008,Pass
8009,Fail
8010,Pass
8011,Withdrawn
8012,Pass
8013,Withdrawn
8014,Pass
8015,Fail
8016,Withdrawn
8017,Pass
8018,Pass
8019,Withdrawn
8020,Pass
8021,Pass
8022,Pass
8023,Pass
8024,Pass
8025,Pass
8026,Pass
8027,Pass
8028,Fail
8029,Pass
8030,Withdrawn
8031,Withdrawn
8032,Fail
8033,Fail
8034,Pass
8035,Fail
8036,Fail
8037,Pass
8038,Pass
8039,Withdrawn
8040,Withdrawn
8041,Pass
8042,Withdrawn
8043,Pass
8044,Fail
8045,Pass
8046,Withdrawn
8047,Fail
8048,Fail
8049,Withdrawn
8050,Fail
8051,Pass
8052,Pass
8053,Fail
8054,Pass
8055,Pass
8056,Withdrawn
8057,Withdrawn
8058,Pass
8059,Withdrawn
8060,Pass
8061,Pass
8062,Pass
8063,Pass
8064,Pass
8065,Withdrawn
8066,Fail
8067,Fail
8068,Fail
8069,Fail
8070,Pass
8071,Fail
8072,Withdrawn
8073,Pass
8074,Pass
8075,Withdrawn
8076,Fail
8077,Pass
8078,Pass
8079,Pass
8080,Withdrawn
8081,Withdrawn
8082,Pass
8083,Pass
8084,Fail
8085,Pass
8086,Pass
8087,Withdrawn
8088,Fail
8089,Withdrawn
8090,Withdrawn
8091,Pass
8092,Pass
8093,Withdrawn
8094,Withdrawn
8095,Withdrawn
8096,Pass
8097,Pass
8098,Pass
8099,Fail
8100,Withdrawn
8101,Pass
8102,Withdrawn
8103,Withdrawn
8104,Pass
8105,Pass
8106,Fail
8107,Withdrawn
8108,Pass
8109,Withdrawn
8110,Pass
8111,Pass
8112,Pass
8113,Pass
8114,Pass
8115,Withdrawn
8116,Withdrawn
8117,Withdrawn
8118,Fail
8119,Pass
8120,Withdrawn
8121,Withdrawn
8122,Pass
8123,Pass
8124,Pass
8125,Withdrawn
8126,Pass
8127,Pass
8128,Pass
8129,Pass
8130,Pass
8131,Pass
8132,Pass
8133,Pass
8134,Pass
8135,Pass
8136,Withdrawn
8137,Pass
8138,Withdrawn
8139,Pass
8140,Pass
8141,Pass
8142,Pass
8143,Fail
8144,Pass
8145,Pass
8146,Pass
8147,Pass
8148,Pass
