ID,outcome
0,Pass
1,Pass
2,Pass
3,Pass
4,Pass
5,Pass
6,Pass
7,Pass
8,Pass
9,Pass
10,Pass
11,Pass
12,Pass
13,Pass
14,Pass
15,Pass
16,Pass
17,Pass
18,Pass
19,Pass
20,Pass
21,Pass
22,Pass
23,Pass
24,Pass
25,Pass
26,Pass
27,Pass
28,Pass
29,Pass
30,Pass
31,Pass
32,Pass
33,Pass
34,Pass
35,Pass
36,Pass
37,Pass
38,Pass
39,Pass
40,Pass
41,Pass
42,Pass
43,Pass
44,Pass
45,Pass
46,Pass
47,Pass
48,Pass
49,Pass
50,Pass
51,Pass
52,Pass
53,Pass
54,Pass
55,Pass
56,Pass
57,Pass
58,Pass
59,Pass
60,Pass
61,Pass
62,Pass
63,Pass
64,Pass
65,Pass
66,Pass
67,Pass
68,Pass
69,Pass
70,Pass
71,Pass
72,Pass
73,Pass
74,Pass
75,Pass
76,Pass
77,Pass
78,Pass
79,Pass
80,Pass
81,Pass
82,Pass
83,Pass
84,Pass
85,Pass
86,Pass
87,Pass
88,Pass
89,Pass
90,Pass
91,Pass
92,Pass
93,Pass
94,Pass
95,Pass
96,Pass
97,Pass
98,Pass
99,Pass
100,Pass
101,Pass
102,Pass
103,Pass
104,Pass
105,Pass
106,Pass
107,Pass
108,Pass
109,Pass
110,Pass
111,Pass
112,Pass
113,Pass
114,Pass
115,Pass
116,Pass
117,Pass
118,Pass
119,Pass
120,Pass
121,Pass
122,Pass
123,Pass
124,Pass
125,Pass
126,Pass
127,Pass
128,Pass
129,Pass
130,Pass
131,Pass
132,Pass
133,Pass
134,Pass
135,Pass
136,Pass
137,Pass
138,Pass
139,Pass
140,Pass
141,Pass
142,Pass
143,Pass
144,Pass
145,Pass
146,Pass
147,Pass
148,Pass
149,Pass
150,Pass
151,Pass
152,Pass
153,Pass
154,Pass
155,Pass
156,Pass
157,Pass
158,Pass
159,Pass
160,Pass
161,Pass
162,Pass
163,Pass
164,Pass
165,Pass
166,Pass
167,Pass
168,Pass
169,Pass
170,Pass
171,Pass
172,Pass
173,Pass
174,Pass
175,Pass
176,Pass
177,Pass
178,Pass
179,Pass
180,Pass
181,Pass
182,Pass
183,Pass
184,Pass
185,Pass
186,Pass
187,Pass
188,Pass
189,Pass
190,Pass
191,Pass
192,Pass
193,Pass
194,Pass
195,Pass
196,Pass
197,Pass
198,Pass
199,Pass
200,Pass
201,Pass
202,Pass
203,Pass
204,Pass
205,Pass
206,Pass
207,Pass
208,Pass
209,Pass
210,Pass
211,Pass
212,Pass
213,Pass
214,Pass
215,Pass
216,Pass
217,Pass
218,Pass
219,Pass
220,Pass
221,Pass
222,Pass
223,Pass
224,Pass
225,Pass
226,Pass
227,Pass
228,Pass
229,Pass
230,Pass
231,Pass
232,Pass
233,Pass
234,Pass
235,Pass
236,Pass
237,Pass
238,Pass
239,Pass
240,Pass
241,Pass
242,Pass
243,Pass
244,Pass
245,Pass
246,Pass
247,Pass
248,Pass
249,Pass
250,Pass
251,Pass
252,Pass
253,Pass
254,Pass
255,Pass
256,Pass
257,Pass
258,Pass
259,Pass
260,Pass
261,Pass
262,Pass
263,Pass
264,Pass
265,Pass
266,Pass
267,Pass
268,Pass
269,Pass
270,Pass
271,Pass
272,Pass
273,Pass
274,Pass
275,Pass
276,Pass
277,Pass
278,Pass
279,Pass
280,Pass
281,Pass
282,Pass
283,Pass
284,Pass
285,Pass
286,Pass
287,Pass
288,Pass
289,Pass
290,Pass
291,Pass
292,Pass
293,Pass
294,Pass
295,Pass
296,Pass
297,Pass
298,Pass
299,Pass
300,Pass
301,Pass
302,Pass
303,Pass
304,Pass
305,Pass
306,Pass
307,Pass
308,Pass
309,Pass
310,Pass
311,Pass
312,Pass
313,Pass
314,Pass
315,Pass
316,Pass
317,Pass
318,Pass
319,Pass
320,Pass
321,Pass
322,Pass
323,Pass
324,Pass
325,Pass
326,Pass
327,Pass
328,Pass
329,Pass
330,Pass
331,Pass
332,Pass
333,Pass
334,Pass
335,Pass
336,Pass
337,Pass
338,Pass
339,Pass
340,Pass
341,Pass
342,Pass
343,Pass
344,Pass
345,Pass
346,Pass
347,Pass
348,Pass
349,Pass
350,Pass
351,Pass
352,Pass
353,Pass
354,Pass
355,Pass
356,Pass
357,Pass
358,Pass
359,Pass
360,Pass
361,Pass
362,Pass
363,Pass
364,Pass
365,Pass
366,Pass
367,Pass
368,Pass
369,Pass
370,Pass
371,Pass
372,Pass
373,Pass
374,Pass
375,Pass
376,Pass
377,Pass
378,Pass
379,Pass
380,Pass
381,Pass
382,Pass
383,Pass
384,Pass
385,Pass
386,Pass
387,Pass
388,Pass
389,Pass
390,Pass
391,Pass
392,Pass
393,Pass
394,Pass
395,Pass
396,Pass
397,Pass
398,Pass
399,Pass
400,Pass
401,Pass
402,Pass
403,Pass
404,Pass
405,Pass
406,Pass
407,Pass
408,Pass
409,Pass
410,Pass
411,Pass
412,Pass
413,Pass
414,Pass
415,Pass
416,Pass
417,Pass
418,Pass
419,Pass
420,Pass
421,Pass
422,Pass
423,Pass
424,Pass
425,Pass
426,Pass
427,Pass
428,Pass
429,Pass
430,Pass
431,Pass
432,Pass
433,Pass
434,Pass
435,Pass
436,Pass
437,Pass
438,Pass
439,Pass
440,Pass
441,Pass
442,Pass
443,Pass
444,Pass
445,Pass
446,Pass
447,Pass
448,Pass
449,Pass
450,Pass
451,Pass
452,Pass
453,Pass
454,Pass
455,Pass
456,Pass
457,Pass
458,Pass
459,Pass
460,Pass
461,Pass
462,Pass
463,Pass
464,Pass
465,Pass
466,Pass
467,Pass
468,Pass
469,Pass
470,Pass
471,Pass
472,Pass
473,Pass
474,Pass
475,Pass
476,Pass
477,Pass
478,Pass
479,Pass
480,Pass
481,Pass
482,Pass
483,Pass
484,Pass
485,Pass
486,Pass
487,Pass
488,Pass
489,Pass
490,Pass
491,Pass
492,Pass
493,Pass
494,Pass
495,Pass
496,Pass
497,Pass
498,Pass
499,Pass
500,Pass
501,Pass
502,Pass
503,Pass
504,Pass
505,Pass
506,Pass
507,Pass
508,Pass
509,Pass
510,Pass
511,Pass
512,Pass
513,Pass
514,Pass
515,Pass
516,Pass
517,Pass
518,Pass
519,Pass
520,Pass
521,Pass
522,Pass
523,Pass
524,Pass
525,Pass
526,Pass
527,Pass
528,Pass
529,Pass
530,Pass
531,Pass
532,Pass
533,Pass
534,Pass
535,Pass
536,Pass
537,Pass
538,Pass
539,Pass
540,Pass
541,Pass
542,Pass
543,Pass
544,Pass
545,Pass
546,Pass
547,Pass
548,Pass
549,Pass
550,Pass
551,Pass
552,Pass
553,Pass
554,Pass
555,Pass
556,Pass
557,Pass
558,Pass
559,Pass
560,Pass
561,Pass
562,Pass
563,Pass
564,Pass
565,Pass
566,Pass
567,Pass
568,Pass
569,Pass
570,Pass
571,Pass
572,Pass
573,Pass
574,Pass
575,Pass
576,Pass
577,Pass
578,Pass
579,Pass
580,Pass
581,Pass
582,Pass
583,Pass
584,Pass
585,Pass
586,Pass
587,Pass
588,Pass
589,Pass
590,Pass
591,Pass
592,Pass
593,Pass
594,Pass
595,Pass
596,Pass
597,Pass
598,Pass
599,Pass
600,Pass
601,Pass
602,Pass
603,Pass
604,Pass
605,Pass
606,Pass
607,Pass
608,Pass
609,Pass
610,Pass
611,Pass
612,Pass
613,Pass
614,Pass
615,Pass
616,Pass
617,Pass
618,Pass
619,Pass
620,Pass
621,Pass
622,Pass
623,Pass
624,Pass
625,Pass
626,Pass
627,Pass
628,Pass
629,Pass
630,Pass
631,Pass
632,Pass
633,Pass
634,Pass
635,Pass
636,Pass
637,Pass
638,Pass
639,Pass
640,Pass
641,Pass
642,Pass
643,Pass
644,Pass
645,Pass
646,Pass
647,Pass
648,Pass
649,Pass
650,Pass
651,Pass
652,Pass
653,Pass
654,Pass
655,Pass
656,Pass
657,Pass
658,Pass
659,Pass
660,Pass
661,Pass
662,Pass
663,Pass
664,Pass
665,Pass
666,Pass
667,Pass
668,Pass
669,Pass
670,Pass
671,Pass
672,Pass
673,Pass
674,Pass
675,Pass
676,Pass
677,Pass
678,Pass
679,Pass
680,Pass
681,Pass
682,Pass
683,Pass
684,Pass
685,Pass
686,Pass
687,Pass
688,Pass
689,Pass
690,Pass
691,Pass
692,Pass
693,Pass
694,Pass
695,Pass
696,Pass
697,Pass
698,Pass
699,Pass
700,Pass
701,Pass
702,Pass
703,Pass
704,Pass
705,Pass
706,Pass
707,Pass
708,Pass
709,Pass
710,Pass
711,Pass
712,Pass
713,Pass
714,Pass
715,Pass
716,Pass
717,Pass
718,Pass
719,Pass
720,Pass
721,Pass
722,Pass
723,Pass
724,Pass
725,Pass
726,Pass
727,Pass
728,Pass
729,Pass
730,Pass
731,Pass
732,Pass
733,Pass
734,Pass
735,Pass
736,Pass
737,Pass
738,Pass
739,Pass
740,Pass
741,Pass
742,Pass
743,Pass
744,Pass
745,Pass
746,Pass
747,Pass
748,Pass
749,Pass
750,Pass
751,Pass
752,Pass
753,Pass
754,Pass
755,Pass
756,Pass
757,Pass
758,Pass
759,Pass
760,Pass
761,Pass
762,Pass
763,Pass
764,Pass
765,Pass
766,Pass
767,Pass
768,Pass
769,Pass
770,Pass
771,Pass
772,Pass
773,Pass
774,Pass
775,Pass
776,Pass
777,Pass
778,Pass
779,Pass
780,Pass
781,Pass
782,Pass
783,Pass
784,Pass
785,Pass
786,Pass
787,Pass
788,Pass
789,Pass
790,Pass
791,Pass
792,Pass
793,Pass
794,Pass
795,Pass
796,Pass
797,Pass
798,Pass
799,Pass
800,Pass
801,Pass
802,Pass
803,Pass
804,Pass
805,Pass
806,Pass
807,Pass
808,Pass
809,Pass
810,Pass
811,Pass
812,Pass
813,Pass
814,Pass
815,Pass
816,Pass
817,Pass
818,Pass
819,Pass
820,Pass
821,Pass
822,Pass
823,Pass
824,Pass
825,Pass
826,Pass
827,Pass
828,Pass
829,Pass
830,Pass
831,Pass
832,Pass
833,Pass
834,Pass
835,Pass
836,Pass
837,Pass
838,Pass
839,Pass
840,Pass
841,Pass
842,Pass
843,Pass
844,Pass
845,Pass
846,Pass
847,Pass
848,Pass
849,Pass
850,Pass
851,Pass
852,Pass
853,Pass
854,Pass
855,Pass
856,Pass
857,Pass
858,Pass
859,Pass
860,Pass
861,Pass
862,Pass
863,Pass
864,Pass
865,Pass
866,Pass
867,Pass
868,Pass
869,Pass
870,Pass
871,Pass
872,Pass
873,Pass
874,Pass
875,Pass
876,Pass
877,Pass
878,Pass
879,Pass
880,Pass
881,Pass
882,Pass
883,Pass
884,Pass
885,Pass
886,Pass
887,Pass
888,Pass
889,Pass
890,Pass
891,Pass
892,Pass
893,Pass
894,Pass
895,Pass
896,Pass
897,Pass
898,Pass
899,Pass
900,Pass
901,Pass
902,Pass
903,Pass
904,Pass
905,Pass
906,Pass
907,Pass
908,Pass
909,Pass
910,Pass
911,Pass
912,Pass
913,Pass
914,Pass
915,Pass
916,Pass
917,Pass
918,Pass
919,Pass
920,Pass
921,Pass
922,Pass
923,Pass
924,Pass
925,Pass
926,Pass
927,Pass
928,Pass
929,Pass
930,Pass
931,Pass
932,Pass
933,Pass
934,Pass
935,Pass
936,Pass
937,Pass
938,Pass
939,Pass
940,Pass
941,Pass
942,Pass
943,Pass
944,Pass
945,Pass
946,Pass
947,Pass
948,Pass
949,Pass
950,Pass
951,Pass
952,Pass
953,Pass
954,Pass
955,Pass
956,Pass
957,Pass
958,Pass
959,Pass
960,Pass
961,Pass
962,Pass
963,Pass
964,Pass
965,Pass
966,Pass
967,Pass
968,Pass
969,Pass
970,Pass
971,Pass
972,Pass
973,Pass
974,Pass
975,Pass
976,Pass
977,Pass
978,Pass
979,Pass
980,Pass
981,Pass
982,Pass
983,Pass
984,Pass
985,Pass
986,Pass
987,Pass
988,Pass
989,Pass
990,Pass
991,Pass
992,Pass
993,Pass
994,Pass
995,Pass
996,Pass
997,Pass
998,Pass
999,Pass
1000,Pass
1001,Pass
1002,Pass
1003,Pass
1004,Pass
1005,Pass
1006,Pass
1007,Pass
1008,Pass
1009,Pass
1010,Pass
1011,Pass
1012,Pass
1013,Pass
1014,Pass
1015,Pass
1016,Pass
1017,Pass
1018,Pass
1019,Pass
1020,Pass
1021,Pass
1022,Pass
1023,Pass
1024,Pass
1025,Pass
1026,Pass
1027,Pass
1028,Pass
1029,Pass
1030,Pass
1031,Pass
1032,Pass
1033,Pass
1034,Pass
1035,Pass
1036,Pass
1037,Pass
1038,Pass
1039,Pass
1040,Pass
1041,Pass
1042,Pass
1043,Pass
1044,Pass
1045,Pass
1046,Pass
1047,Pass
1048,Pass
1049,Pass
1050,Pass
1051,Pass
1052,Pass
1053,Pass
1054,Pass
1055,Pass
1056,Pass
1057,Pass
1058,Pass
1059,Pass
1060,Pass
1061,Pass
1062,Pass
1063,Pass
1064,Pass
1065,Pass
1066,Pass
1067,Pass
1068,Pass
1069,Pass
1070,Pass
1071,Pass
1072,Pass
1073,Pass
1074,Pass
1075,Pass
1076,Pass
1077,Pass
1078,Pass
1079,Pass
1080,Pass
1081,Pass
1082,Pass
1083,Pass
1084,Pass
1085,Pass
1086,Pass
1087,Pass
1088,Pass
1089,Pass
1090,Pass
1091,Pass
1092,Pass
1093,Pass
1094,Pass
1095,Pass
1096,Pass
1097,Pass
1098,Pass
1099,Pass
1100,Pass
1101,Pass
1102,Pass
1103,Pass
1104,Pass
1105,Pass
1106,Pass
1107,Pass
1108,Pass
1109,Pass
1110,Pass
1111,Pass
1112,Pass
1113,Pass
1114,Pass
1115,Pass
1116,Pass
1117,Pass
1118,Pass
1119,Pass
1120,Pass
1121,Pass
1122,Pass
1123,Pass
1124,Pass
1125,Pass
1126,Pass
1127,Pass
1128,Pass
1129,Pass
1130,Pass
1131,Pass
1132,Pass
1133,Pass
1134,Pass
1135,Pass
1136,Pass
1137,Pass
1138,Pass
1139,Pass
1140,Pass
1141,Pass
1142,Pass
1143,Pass
1144,Pass
1145,Pass
1146,Pass
1147,Pass
1148,Pass
1149,Pass
1150,Pass
1151,Pass
1152,Pass
1153,Pass
1154,Pass
1155,Pass
1156,Pass
1157,Pass
1158,Pass
1159,Pass
1160,Pass
1161,Pass
1162,Pass
1163,Pass
1164,Pass
1165,Pass
1166,Pass
1167,Pass
1168,Pass
1169,Pass
1170,Pass
1171,Pass
1172,Pass
1173,Pass
1174,Pass
1175,Pass
1176,Pass
1177,Pass
1178,Pass
1179,Pass
1180,Pass
1181,Pass
1182,Pass
1183,Pass
1184,Pass
1185,Pass
1186,Pass
1187,Pass
1188,Pass
1189,Pass
1190,Pass
1191,Pass
1192,Pass
1193,Pass
1194,Pass
1195,Pass
1196,Pass
1197,Pass
1198,Pass
1199,Pass
1200,Pass
1201,Pass
1202,Pass
1203,Pass
1204,Pass
1205,Pass
1206,Pass
1207,Pass
1208,Pass
1209,Pass
1210,Pass
1211,Pass
1212,Pass
1213,Pass
1214,Pass
1215,Pass
1216,Pass
1217,Pass
1218,Pass
1219,Pass
1220,Pass
1221,Pass
1222,Pass
1223,Pass
1224,Pass
1225,Pass
1226,Pass
1227,Pass
1228,Pass
1229,Pass
1230,Pass
1231,Pass
1232,Pass
1233,Pass
1234,Pass
1235,Pass
1236,Pass
1237,Pass
1238,Pass
1239,Pass
1240,Pass
1241,Pass
1242,Pass
1243,Pass
1244,Pass
1245,Pass
1246,Pass
1247,Pass
1248,Pass
1249,Pass
1250,Pass
1251,Pass
1252,Pass
1253,Pass
1254,Pass
1255,Pass
1256,Pass
1257,Pass
1258,Pass
1259,Pass
1260,Pass
1261,Pass
1262,Pass
1263,Pass
1264,Pass
1265,Pass
1266,Pass
1267,Pass
1268,Pass
1269,Pass
1270,Pass
1271,Pass
1272,Pass
1273,Pass
1274,Pass
1275,Pass
1276,Pass
1277,Pass
1278,Pass
1279,Pass
1280,Pass
1281,Pass
1282,Pass
1283,Pass
1284,Pass
1285,Pass
1286,Pass
1287,Pass
1288,Pass
1289,Pass
1290,Pass
1291,Pass
1292,Pass
1293,Pass
1294,Pass
1295,Pass
1296,Pass
1297,Pass
1298,Pass
1299,Pass
1300,Pass
1301,Pass
1302,Pass
1303,Pass
1304,Pass
1305,Pass
1306,Pass
1307,Pass
1308,Pass
1309,Pass
1310,Pass
1311,Pass
1312,Pass
1313,Pass
1314,Pass
1315,Pass
1316,Pass
1317,Pass
1318,Pass
1319,Pass
1320,Pass
1321,Pass
1322,Pass
1323,Pass
1324,Pass
1325,Pass
1326,Pass
1327,Pass
1328,Pass
1329,Pass
1330,Pass
1331,Pass
1332,Pass
1333,Pass
1334,Pass
1335,Pass
1336,Pass
1337,Pass
1338,Pass
1339,Pass
1340,Pass
1341,Pass
1342,Pass
1343,Pass
1344,Pass
1345,Pass
1346,Pass
1347,Pass
1348,Pass
1349,Pass
1350,Pass
1351,Pass
1352,Pass
1353,Pass
1354,Pass
1355,Pass
1356,Pass
1357,Pass
1358,Pass
1359,Pass
1360,Pass
1361,Pass
1362,Pass
1363,Pass
1364,Pass
1365,Pass
1366,Pass
1367,Pass
1368,Pass
1369,Pass
1370,Pass
1371,Pass
1372,Pass
1373,Pass
1374,Pass
1375,Pass
1376,Pass
1377,Pass
1378,Pass
1379,Pass
1380,Pass
1381,Pass
1382,Pass
1383,Pass
1384,Pass
1385,Pass
1386,Pass
1387,Pass
1388,Pass
1389,Pass
1390,Pass
1391,Pass
1392,Pass
1393,Pass
1394,Pass
1395,Pass
1396,Pass
1397,Pass
1398,Pass
1399,Pass
1400,Pass
1401,Pass
1402,Pass
1403,Pass
1404,Pass
1405,Pass
1406,Pass
1407,Pass
1408,Pass
1409,Pass
1410,Pass
1411,Pass
1412,Pass
1413,Pass
1414,Pass
1415,Pass
1416,Pass
1417,Pass
1418,Pass
1419,Pass
1420,Pass
1421,Pass
1422,Pass
1423,Pass
1424,Pass
1425,Pass
1426,Pass
1427,Pass
1428,Pass
1429,Pass
1430,Pass
1431,Pass
1432,Pass
1433,Pass
1434,Pass
1435,Pass
1436,Pass
1437,Pass
1438,Pass
1439,Pass
1440,Pass
1441,Pass
1442,Pass
1443,Pass
1444,Pass
1445,Pass
1446,Pass
1447,Pass
1448,Pass
1449,Pass
1450,Pass
1451,Pass
1452,Pass
1453,Pass
1454,Pass
1455,Pass
1456,Pass
1457,Pass
1458,Pass
1459,Pass
1460,Pass
1461,Pass
1462,Pass
1463,Pass
1464,Pass
1465,Pass
1466,Pass
1467,Pass
1468,Pass
1469,Pass
1470,Pass
1471,Pass
1472,Pass
1473,Pass
1474,Pass
1475,Pass
1476,Pass
1477,Pass
1478,Pass
1479,Pass
1480,Pass
1481,Pass
1482,Pass
1483,Pass
1484,Pass
1485,Pass
1486,Pass
1487,Pass
1488,Pass
1489,Pass
1490,Pass
1491,Pass
1492,Pass
1493,Pass
1494,Pass
1495,Pass
1496,Pass
1497,Pass
1498,Pass
1499,Pass
1500,Pass
1501,Pass
1502,Pass
1503,Pass
1504,Pass
1505,Pass
1506,Pass
1507,Pass
1508,Pass
1509,Pass
1510,Pass
1511,Pass
1512,Pass
1513,Pass
1514,Pass
1515,Pass
1516,Pass
1517,Pass
1518,Pass
1519,Pass
1520,Pass
1521,Pass
1522,Pass
1523,Pass
1524,Pass
1525,Pass
1526,Pass
1527,Pass
1528,Pass
1529,Pass
1530,Pass
1531,Pass
1532,Pass
1533,Pass
1534,Pass
1535,Pass
1536,Pass
1537,Pass
1538,Pass
1539,Pass
1540,Pass
1541,Pass
1542,Pass
1543,Pass
1544,Pass
1545,Pass
1546,Pass
1547,Pass
1548,Pass
1549,Pass
1550,Pass
1551,Pass
1552,Pass
1553,Pass
1554,Pass
1555,Pass
1556,Pass
1557,Pass
1558,Pass
1559,Pass
1560,Pass
1561,Pass
1562,Pass
1563,Pass
1564,Pass
1565,Pass
1566,Pass
1567,Pass
1568,Pass
1569,Pass
1570,Pass
1571,Pass
1572,Pass
1573,Pass
1574,Pass
1575,Pass
1576,Pass
1577,Pass
1578,Pass
1579,Pass
1580,Pass
1581,Pass
1582,Pass
1583,Pass
1584,Pass
1585,Pass
1586,Pass
1587,Pass
1588,Pass
1589,Pass
1590,Pass
1591,Pass
1592,Pass
1593,Pass
1594,Pass
1595,Pass
1596,Pass
1597,Pass
1598,Pass
1599,Pass
1600,Pass
1601,Pass
1602,Pass
1603,Pass
1604,Pass
1605,Pass
1606,Pass
1607,Pass
1608,Pass
1609,Pass
1610,Pass
1611,Pass
1612,Pass
1613,Pass
1614,Pass
1615,Pass
1616,Pass
1617,Pass
1618,Pass
1619,Pass
1620,Pass
1621,Pass
1622,Pass
1623,Pass
1624,Pass
1625,Pass
1626,Pass
1627,Pass
1628,Pass
1629,Pass
1630,Pass
1631,Pass
1632,Pass
1633,Pass
1634,Pass
1635,Pass
1636,Pass
1637,Pass
1638,Pass
1639,Pass
1640,Pass
1641,Pass
1642,Pass
1643,Pass
1644,Pass
1645,Pass
1646,Pass
1647,Pass
1648,Pass
1649,Pass
1650,Pass
1651,Pass
1652,Pass
1653,Pass
1654,Pass
1655,Pass
1656,Pass
1657,Pass
1658,Pass
1659,Pass
1660,Pass
1661,Pass
1662,Pass
1663,Pass
1664,Pass
1665,Pass
1666,Pass
1667,Pass
1668,Pass
1669,Pass
1670,Pass
1671,Pass
1672,Pass
1673,Pass
1674,Pass
1675,Pass
1676,Pass
1677,Pass
1678,Pass
1679,Pass
1680,Pass
1681,Pass
1682,Pass
1683,Pass
1684,Pass
1685,Pass
1686,Pass
1687,Pass
1688,Pass
1689,Pass
1690,Pass
1691,Pass
1692,Pass
1693,Pass
1694,Pass
1695,Pass
1696,Pass
1697,Pass
1698,Pass
1699,Pass
1700,Pass
1701,Pass
1702,Pass
1703,Pass
1704,Pass
1705,Pass
1706,Pass
1707,Pass
1708,Pass
1709,Pass
1710,Pass
1711,Pass
1712,Pass
1713,Pass
1714,Pass
1715,Pass
1716,Pass
1717,Pass
1718,Pass
1719,Pass
1720,Pass
1721,Pass
1722,Pass
1723,Pass
1724,Pass
1725,Pass
1726,Pass
1727,Pass
1728,Pass
1729,Pass
1730,Pass
1731,Pass
1732,Pass
1733,Pass
1734,Pass
1735,Pass
1736,Pass
1737,Pass
1738,Pass
1739,Pass
1740,Pass
1741,Pass
1742,Pass
1743,Pass
1744,Pass
1745,Pass
1746,Pass
1747,Pass
1748,Pass
1749,Pass
1750,Pass
1751,Pass
1752,Pass
1753,Pass
1754,Pass
1755,Pass
1756,Pass
1757,Pass
1758,Pass
1759,Pass
1760,Pass
1761,Pass
1762,Pass
1763,Pass
1764,Pass
1765,Pass
1766,Pass
1767,Pass
1768,Pass
1769,Pass
1770,Pass
1771,Pass
1772,Pass
1773,Pass
1774,Pass
1775,Pass
1776,Pass
1777,Pass
1778,Pass
1779,Pass
1780,Pass
1781,Pass
1782,Pass
1783,Pass
1784,Pass
1785,Pass
1786,Pass
1787,Pass
1788,Pass
1789,Pass
1790,Pass
1791,Pass
1792,Pass
1793,Pass
1794,Pass
1795,Pass
1796,Pass
1797,Pass
1798,Pass
1799,Pass
1800,Pass
1801,Pass
1802,Pass
1803,Pass
1804,Pass
1805,Pass
1806,Pass
1807,Pass
1808,Pass
1809,Pass
1810,Pass
1811,Pass
1812,Pass
1813,Pass
1814,Pass
1815,Pass
1816,Pass
1817,Pass
1818,Pass
1819,Pass
1820,Pass
1821,Pass
1822,Pass
1823,Pass
1824,Pass
1825,Pass
1826,Pass
1827,Pass
1828,Pass
1829,Pass
1830,Pass
1831,Pass
1832,Pass
1833,Pass
1834,Pass
1835,Pass
1836,Pass
1837,Pass
1838,Pass
1839,Pass
1840,Pass
1841,Pass
1842,Pass
1843,Pass
1844,Pass
1845,Pass
1846,Pass
1847,Pass
1848,Pass
1849,Pass
1850,Pass
1851,Pass
1852,Pass
1853,Pass
1854,Pass
1855,Pass
1856,Pass
1857,Pass
1858,Pass
1859,Pass
1860,Pass
1861,Pass
1862,Pass
1863,Pass
1864,Pass
1865,Pass
1866,Pass
1867,Pass
1868,Pass
1869,Pass
1870,Pass
1871,Pass
1872,Pass
1873,Pass
1874,Pass
1875,Pass
1876,Pass
1877,Pass
1878,Pass
1879,Pass
1880,Pass
1881,Pass
1882,Pass
1883,Pass
1884,Pass
1885,Pass
1886,Pass
1887,Pass
1888,Pass
1889,Pass
1890,Pass
1891,Pass
1892,Pass
1893,Pass
1894,Pass
1895,Pass
1896,Pass
1897,Pass
1898,Pass
1899,Pass
1900,Pass
1901,Pass
1902,Pass
1903,Pass
1904,Pass
1905,Pass
1906,Pass
1907,Pass
1908,Pass
1909,Pass
1910,Pass
1911,Pass
1912,Pass
1913,Pass
1914,Pass
1915,Pass
1916,Pass
1917,Pass
1918,Pass
1919,Pass
1920,Pass
1921,Pass
1922,Pass
1923,Pass
1924,Pass
1925,Pass
1926,Pass
1927,Pass
1928,Pass
1929,Pass
1930,Pass
1931,Pass
1932,Pass
1933,Pass
1934,Pass
1935,Pass
1936,Pass
1937,Pass
1938,Pass
1939,Pass
1940,Pass
1941,Pass
1942,Pass
1943,Pass
1944,Pass
1945,Pass
1946,Pass
1947,Pass
1948,Pass
1949,Pass
1950,Pass
1951,Pass
1952,Pass
1953,Pass
1954,Pass
1955,Pass
1956,Pass
1957,Pass
1958,Pass
1959,Pass
1960,Pass
1961,Pass
1962,Pass
1963,Pass
1964,Pass
1965,Pass
1966,Pass
1967,Pass
1968,Pass
1969,Pass
1970,Pass
1971,Pass
1972,Pass
1973,Pass
1974,Pass
1975,Pass
1976,Pass
1977,Pass
1978,Pass
1979,Pass
1980,Pass
1981,Pass
1982,Pass
1983,Pass
1984,Pass
1985,Pass
1986,Pass
1987,Pass
1988,Pass
1989,Pass
1990,Pass
1991,Pass
1992,Pass
1993,Pass
1994,Pass
1995,Pass
1996,Pass
1997,Pass
1998,Pass
1999,Pass
2000,Pass
2001,Pass
2002,Pass
2003,Pass
2004,Pass
2005,Pass
2006,Pass
2007,Pass
2008,Pass
2009,Pass
2010,Pass
2011,Pass
2012,Pass
2013,Pass
2014,Pass
2015,Pass
2016,Pass
2017,Pass
2018,Pass
2019,Pass
2020,Pass
2021,Pass
2022,Pass
2023,Pass
2024,Pass
2025,Pass
2026,Pass
2027,Pass
2028,Pass
2029,Pass
2030,Pass
2031,Pass
2032,Pass
2033,Pass
2034,Pass
2035,Pass
2036,Pass
2037,Pass
2038,Pass
2039,Pass
2040,Pass
2041,Pass
2042,Pass
2043,Pass
2044,Pass
2045,Pass
2046,Pass
2047,Pass
2048,Pass
2049,Pass
2050,Pass
2051,Pass
2052,Pass
2053,Pass
2054,Pass
2055,Pass
2056,Pass
2057,Pass
2058,Pass
2059,Pass
2060,Pass
2061,Pass
2062,Pass
2063,Pass
2064,Pass
2065,Pass
2066,Pass
2067,Pass
2068,Pass
2069,Pass
2070,Pass
2071,Pass
2072,Pass
2073,Pass
2074,Pass
2075,Pass
2076,Pass
2077,Pass
2078,Pass
2079,Pass
2080,Pass
2081,Pass
2082,Pass
2083,Pass
2084,Pass
2085,Pass
2086,Pass
2087,Pass
2088,Pass
2089,Pass
2090,Pass
2091,Pass
2092,Pass
2093,Pass
2094,Pass
2095,Pass
2096,Pass
2097,Pass
2098,Pass
2099,Pass
2100,Pass
2101,Pass
2102,Pass
2103,Pass
2104,Pass
2105,Pass
2106,Pass
2107,Pass
2108,Pass
2109,Pass
2110,Pass
2111,Pass
2112,Pass
2113,Pass
2114,Pass
2115,Pass
2116,Pass
2117,Pass
2118,Pass
2119,Pass
2120,Pass
2121,Pass
2122,Pass
2123,Pass
2124,Pass
2125,Pass
2126,Pass
2127,Pass
2128,Pass
2129,Pass
2130,Pass
2131,Pass
2132,Pass
2133,Pass
2134,Pass
2135,Pass
2136,Pass
2137,Pass
2138,Pass
2139,Pass
2140,Pass
2141,Pass
2142,Pass
2143,Pass
2144,Pass
2145,Pass
2146,Pass
2147,Pass
2148,Pass
2149,Pass
2150,Pass
2151,Pass
2152,Pass
2153,Pass
2154,Pass
2155,Pass
2156,Pass
2157,Pass
2158,Pass
2159,Pass
2160,Pass
2161,Pass
2162,Pass
2163,Pass
2164,Pass
2165,Pass
2166,Pass
2167,Pass
2168,Pass
2169,Pass
2170,Pass
2171,Pass
2172,Pass
2173,Pass
2174,Pass
2175,Pass
2176,Pass
2177,Pass
2178,Pass
2179,Pass
2180,Pass
2181,Pass
2182,Pass
2183,Pass
2184,Pass
2185,Pass
2186,Pass
2187,Pass
2188,Pass
2189,Pass
2190,Pass
2191,Pass
2192,Pass
2193,Pass
2194,Pass
2195,Pass
2196,Pass
2197,Pass
2198,Pass
2199,Pass
2200,Pass
2201,Pass
2202,Pass
2203,Pass
2204,Pass
2205,Pass
2206,Pass
2207,Pass
2208,Pass
2209,Pass
2210,Pass
2211,Pass
2212,Pass
2213,Pass
2214,Pass
2215,Pass
2216,Pass
2217,Pass
2218,Pass
2219,Pass
2220,Pass
2221,Pass
2222,Pass
2223,Pass
2224,Pass
2225,Pass
2226,Pass
2227,Pass
2228,Pass
2229,Pass
2230,Pass
2231,Pass
2232,Pass
2233,Pass
2234,Pass
2235,Pass
2236,Pass
2237,Pass
2238,Pass
2239,Pass
2240,Pass
2241,Pass
2242,Pass
2243,Pass
2244,Pass
2245,Pass
2246,Pass
2247,Pass
2248,Pass
2249,Pass
2250,Pass
2251,Pass
2252,Pass
2253,Pass
2254,Pass
2255,Pass
2256,Pass
2257,Pass
2258,Pass
2259,Pass
2260,Pass
2261,Pass
2262,Pass
2263,Pass
2264,Pass
2265,Pass
2266,Pass
2267,Pass
2268,Pass
2269,Pass
2270,Pass
2271,Pass
2272,Pass
2273,Pass
2274,Pass
2275,Pass
2276,Pass
2277,Pass
2278,Pass
2279,Pass
2280,Pass
2281,Pass
2282,Pass
2283,Pass
2284,Pass
2285,Pass
2286,Pass
2287,Pass
2288,Pass
2289,Pass
2290,Pass
2291,Pass
2292,Pass
2293,Pass
2294,Pass
2295,Pass
2296,Pass
2297,Pass
2298,Pass
2299,Pass
2300,Pass
2301,Pass
2302,Pass
2303,Pass
2304,Pass
2305,Pass
2306,Pass
2307,Pass
2308,Pass
2309,Pass
2310,Pass
2311,Pass
2312,Pass
2313,Pass
2314,Pass
2315,Pass
2316,Pass
2317,Pass
2318,Pass
2319,Pass
2320,Pass
2321,Pass
2322,Pass
2323,Pass
2324,Pass
2325,Pass
2326,Pass
2327,Pass
2328,Pass
2329,Pass
2330,Pass
2331,Pass
2332,Pass
2333,Pass
2334,Pass
2335,Pass
2336,Pass
2337,Pass
2338,Pass
2339,Pass
2340,Pass
2341,Pass
2342,Pass
2343,Pass
2344,Pass
2345,Pass
2346,Pass
2347,Pass
2348,Pass
2349,Pass
2350,Pass
2351,Pass
2352,Pass
2353,Pass
2354,Pass
2355,Pass
2356,Pass
2357,Pass
2358,Pass
2359,Pass
2360,Pass
2361,Pass
2362,Pass
2363,Pass
2364,Pass
2365,Pass
2366,Pass
2367,Pass
2368,Pass
2369,Pass
2370,Pass
2371,Pass
2372,Pass
2373,Pass
2374,Pass
2375,Pass
2376,Pass
2377,Pass
2378,Pass
2379,Pass
2380,Pass
2381,Pass
2382,Pass
2383,Pass
2384,Pass
2385,Pass
2386,Pass
2387,Pass
2388,Pass
2389,Pass
2390,Pass
2391,Pass
2392,Pass
2393,Pass
2394,Pass
2395,Pass
2396,Pass
2397,Pass
2398,Pass
2399,Pass
2400,Pass
2401,Pass
2402,Pass
2403,Pass
2404,Pass
2405,Pass
2406,Pass
2407,Pass
2408,Pass
2409,Pass
2410,Pass
2411,Pass
2412,Pass
2413,Pass
2414,Pass
2415,Pass
2416,Pass
2417,Pass
2418,Pass
2419,Pass
2420,Pass
2421,Pass
2422,Pass
2423,Pass
2424,Pass
2425,Pass
2426,Pass
2427,Pass
2428,Pass
2429,Pass
2430,Pass
2431,Pass
2432,Pass
2433,Pass
2434,Pass
2435,Pass
2436,Pass
2437,Pass
2438,Pass
2439,Pass
2440,Pass
2441,Pass
2442,Pass
2443,Pass
2444,Pass
2445,Pass
2446,Pass
2447,Pass
2448,Pass
2449,Pass
2450,Pass
2451,Pass
2452,Pass
2453,Pass
2454,Pass
2455,Pass
2456,Pass
2457,Pass
2458,Pass
2459,Pass
2460,Pass
2461,Pass
2462,Pass
2463,Pass
2464,Pass
2465,Pass
2466,Pass
2467,Pass
2468,Pass
2469,Pass
2470,Pass
2471,Pass
2472,Pass
2473,Pass
2474,Pass
2475,Pass
2476,Pass
2477,Pass
2478,Pass
2479,Pass
2480,Pass
2481,Pass
2482,Pass
2483,Pass
2484,Pass
2485,Pass
2486,Pass
2487,Pass
2488,Pass
2489,Pass
2490,Pass
2491,Pass
2492,Pass
2493,Pass
2494,Pass
2495,Pass
2496,Pass
2497,Pass
2498,Pass
2499,Pass
2500,Pass
2501,Pass
2502,Pass
2503,Pass
2504,Pass
2505,Pass
2506,Pass
2507,Pass
2508,Pass
2509,Pass
2510,Pass
2511,Pass
2512,Pass
2513,Pass
2514,Pass
2515,Pass
2516,Pass
2517,Pass
2518,Pass
2519,Pass
2520,Pass
2521,Pass
2522,Pass
2523,Pass
2524,Pass
2525,Pass
2526,Pass
2527,Pass
2528,Pass
2529,Pass
2530,Pass
2531,Pass
2532,Pass
2533,Pass
2534,Pass
2535,Pass
2536,Pass
2537,Pass
2538,Pass
2539,Pass
2540,Pass
2541,Pass
2542,Pass
2543,Pass
2544,Pass
2545,Pass
2546,Pass
2547,Pass
2548,Pass
2549,Pass
2550,Pass
2551,Pass
2552,Pass
2553,Pass
2554,Pass
2555,Pass
2556,Pass
2557,Pass
2558,Pass
2559,Pass
2560,Pass
2561,Pass
2562,Pass
2563,Pass
2564,Pass
2565,Pass
2566,Pass
2567,Pass
2568,Pass
2569,Pass
2570,Pass
2571,Pass
2572,Pass
2573,Pass
2574,Pass
2575,Pass
2576,Pass
2577,Pass
2578,Pass
2579,Pass
2580,Pass
2581,Pass
2582,Pass
2583,Pass
2584,Pass
2585,Pass
2586,Pass
2587,Pass
2588,Pass
2589,Pass
2590,Pass
2591,Pass
2592,Pass
2593,Pass
2594,Pass
2595,Pass
2596,Pass
2597,Pass
2598,Pass
2599,Pass
2600,Pass
2601,Pass
2602,Pass
2603,Pass
2604,Pass
2605,Pass
2606,Pass
2607,Pass
2608,Pass
2609,Pass
2610,Pass
2611,Pass
2612,Pass
2613,Pass
2614,Pass
2615,Pass
2616,Pass
2617,Pass
2618,Pass
2619,Pass
2620,Pass
2621,Pass
2622,Pass
2623,Pass
2624,Pass
2625,Pass
2626,Pass
2627,Pass
2628,Pass
2629,Pass
2630,Pass
2631,Pass
2632,Pass
2633,Pass
2634,Pass
2635,Pass
2636,Pass
2637,Pass
2638,Pass
2639,Pass
2640,Pass
2641,Pass
2642,Pass
2643,Pass
2644,Pass
2645,Pass
2646,Pass
2647,Pass
2648,Pass
2649,Pass
2650,Pass
2651,Pass
2652,Pass
2653,Pass
2654,Pass
2655,Pass
2656,Pass
2657,Pass
2658,Pass
2659,Pass
2660,Pass
2661,Pass
2662,Pass
2663,Pass
2664,Pass
2665,Pass
2666,Pass
2667,Pass
2668,Pass
2669,Pass
2670,Pass
2671,Pass
2672,Pass
2673,Pass
2674,Pass
2675,Pass
2676,Pass
2677,Pass
2678,Pass
2679,Pass
2680,Pass
2681,Pass
2682,Pass
2683,Pass
2684,Pass
2685,Pass
2686,Pass
2687,Pass
2688,Pass
2689,Pass
2690,Pass
2691,Pass
2692,Pass
2693,Pass
2694,Pass
2695,Pass
2696,Pass
2697,Pass
2698,Pass
2699,Pass
2700,Pass
2701,Pass
2702,Pass
2703,Pass
2704,Pass
2705,Pass
2706,Pass
2707,Pass
2708,Pass
2709,Pass
2710,Pass
2711,Pass
2712,Pass
2713,Pass
2714,Pass
2715,Pass
2716,Pass
2717,Pass
2718,Pass
2719,Pass
2720,Pass
2721,Pass
2722,Pass
2723,Pass
2724,Pass
2725,Pass
2726,Pass
2727,Pass
2728,Pass
2729,Pass
2730,Pass
2731,Pass
2732,Pass
2733,Pass
2734,Pass
2735,Pass
2736,Pass
2737,Pass
2738,Pass
2739,Pass
2740,Pass
2741,Pass
2742,Pass
2743,Pass
2744,Pass
2745,Pass
2746,Pass
2747,Pass
2748,Pass
2749,Pass
2750,Pass
2751,Pass
2752,Pass
2753,Pass
2754,Pass
2755,Pass
2756,Pass
2757,Pass
2758,Pass
2759,Pass
2760,Pass
2761,Pass
2762,Pass
2763,Pass
2764,Pass
2765,Pass
2766,Pass
2767,Pass
2768,Pass
2769,Pass
2770,Pass
2771,Pass
2772,Pass
2773,Pass
2774,Pass
2775,Pass
2776,Pass
2777,Pass
2778,Pass
2779,Pass
2780,Pass
2781,Pass
2782,Pass
2783,Pass
2784,Pass
2785,Pass
2786,Pass
2787,Pass
2788,Pass
2789,Pass
2790,Pass
2791,Pass
2792,Pass
2793,Pass
2794,Pass
2795,Pass
2796,Pass
2797,Pass
2798,Pass
2799,Pass
2800,Pass
2801,Pass
2802,Pass
2803,Pass
2804,Pass
2805,Pass
2806,Pass
2807,Pass
2808,Pass
2809,Pass
2810,Pass
2811,Pass
2812,Pass
2813,Pass
2814,Pass
2815,Pass
2816,Pass
2817,Pass
2818,Pass
2819,Pass
2820,Pass
2821,Pass
2822,Pass
2823,Pass
2824,Pass
2825,Pass
2826,Pass
2827,Pass
2828,Pass
2829,Pass
2830,Pass
2831,Pass
2832,Pass
2833,Pass
2834,Pass
2835,Pass
2836,Pass
2837,Pass
2838,Pass
2839,Pass
2840,Pass
2841,Pass
2842,Pass
2843,Pass
2844,Pass
2845,Pass
2846,Pass
2847,Pass
2848,Pass
2849,Pass
2850,Pass
2851,Pass
2852,Pass
2853,Pass
2854,Pass
2855,Pass
2856,Pass
2857,Pass
2858,Pass
2859,Pass
2860,Pass
2861,Pass
2862,Pass
2863,Pass
2864,Pass
2865,Pass
2866,Pass
2867,Pass
2868,Pass
2869,Pass
2870,Pass
2871,Pass
2872,Pass
2873,Pass
2874,Pass
2875,Pass
2876,Pass
2877,Pass
2878,Pass
2879,Pass
2880,Pass
2881,Pass
2882,Pass
2883,Pass
2884,Pass
2885,Pass
2886,Pass
2887,Pass
2888,Pass
2889,Pass
2890,Pass
2891,Pass
2892,Pass
2893,Pass
2894,Pass
2895,Pass
2896,Pass
2897,Pass
2898,Pass
2899,Pass
2900,Pass
2901,Pass
2902,Pass
2903,Pass
2904,Pass
2905,Pass
2906,Pass
2907,Pass
2908,Pass
2909,Pass
2910,Pass
2911,Pass
2912,Pass
2913,Pass
2914,Pass
2915,Pass
2916,Pass
2917,Pass
2918,Pass
2919,Pass
2920,Pass
2921,Pass
2922,Pass
2923,Pass
2924,Pass
2925,Pass
2926,Pass
2927,Pass
2928,Pass
2929,Pass
2930,Pass
2931,Pass
2932,Pass
2933,Pass
2934,Pass
2935,Pass
2936,Pass
2937,Pass
2938,Pass
2939,Pass
2940,Pass
2941,Pass
2942,Pass
2943,Pass
2944,Pass
2945,Pass
2946,Pass
2947,Pass
2948,Pass
2949,Pass
2950,Pass
2951,Pass
2952,Pass
2953,Pass
2954,Pass
2955,Pass
2956,Pass
2957,Pass
2958,Pass
2959,Pass
2960,Pass
2961,Pass
2962,Pass
2963,Pass
2964,Pass
2965,Pass
2966,Pass
2967,Pass
2968,Pass
2969,Pass
2970,Pass
2971,Pass
2972,Pass
2973,Pass
2974,Pass
2975,Pass
2976,Pass
2977,Pass
2978,Pass
2979,Pass
2980,Pass
2981,Pass
2982,Pass
2983,Pass
2984,Pass
2985,Pass
2986,Pass
2987,Pass
2988,Pass
2989,Pass
2990,Pass
2991,Pass
2992,Pass
2993,Pass
2994,Pass
2995,Pass
2996,Pass
2997,Pass
2998,Pass
2999,Pass
3000,Pass
3001,Pass
3002,Pass
3003,Pass
3004,Pass
3005,Pass
3006,Pass
3007,Pass
3008,Pass
3009,Pass
3010,Pass
3011,Pass
3012,Pass
3013,Pass
3014,Pass
3015,Pass
3016,Pass
3017,Pass
3018,Pass
3019,Pass
3020,Pass
3021,Pass
3022,Pass
3023,Pass
3024,Pass
3025,Pass
3026,Pass
3027,Pass
3028,Pass
3029,Pass
3030,Pass
3031,Pass
3032,Pass
3033,Pass
3034,Pass
3035,Pass
3036,Pass
3037,Pass
3038,Pass
3039,Pass
3040,Pass
3041,Pass
3042,Pass
3043,Pass
3044,Pass
3045,Pass
3046,Pass
3047,Pass
3048,Pass
3049,Pass
3050,Pass
3051,Pass
3052,Pass
3053,Pass
3054,Pass
3055,Pass
3056,Pass
3057,Pass
3058,Pass
3059,Pass
3060,Pass
3061,Pass
3062,Pass
3063,Pass
3064,Pass
3065,Pass
3066,Pass
3067,Pass
3068,Pass
3069,Pass
3070,Pass
3071,Pass
3072,Pass
3073,Pass
3074,Pass
3075,Pass
3076,Pass
3077,Pass
3078,Pass
3079,Pass
3080,Pass
3081,Pass
3082,Pass
3083,Pass
3084,Pass
3085,Pass
3086,Pass
3087,Pass
3088,Pass
3089,Pass
3090,Pass
3091,Pass
3092,Pass
3093,Pass
3094,Pass
3095,Pass
3096,Pass
3097,Pass
3098,Pass
3099,Pass
3100,Pass
3101,Pass
3102,Pass
3103,Pass
3104,Pass
3105,Pass
3106,Pass
3107,Pass
3108,Pass
3109,Pass
3110,Pass
3111,Pass
3112,Pass
3113,Pass
3114,Pass
3115,Pass
3116,Pass
3117,Pass
3118,Pass
3119,Pass
3120,Pass
3121,Pass
3122,Pass
3123,Pass
3124,Pass
3125,Pass
3126,Pass
3127,Pass
3128,Pass
3129,Pass
3130,Pass
3131,Pass
3132,Pass
3133,Pass
3134,Pass
3135,Pass
3136,Pass
3137,Pass
3138,Pass
3139,Pass
3140,Pass
3141,Pass
3142,Pass
3143,Pass
3144,Pass
3145,Pass
3146,Pass
3147,Pass
3148,Pass
3149,Pass
3150,Pass
3151,Pass
3152,Pass
3153,Pass
3154,Pass
3155,Pass
3156,Pass
3157,Pass
3158,Pass
3159,Pass
3160,Pass
3161,Pass
3162,Pass
3163,Pass
3164,Pass
3165,Pass
3166,Pass
3167,Pass
3168,Pass
3169,Pass
3170,Pass
3171,Pass
3172,Pass
3173,Pass
3174,Pass
3175,Pass
3176,Pass
3177,Pass
3178,Pass
3179,Pass
3180,Pass
3181,Pass
3182,Pass
3183,Pass
3184,Pass
3185,Pass
3186,Pass
3187,Pass
3188,Pass
3189,Pass
3190,Pass
3191,Pass
3192,Pass
3193,Pass
3194,Pass
3195,Pass
3196,Pass
3197,Pass
3198,Pass
3199,Pass
3200,Pass
3201,Pass
3202,Pass
3203,Pass
3204,Pass
3205,Pass
3206,Pass
3207,Pass
3208,Pass
3209,Pass
3210,Pass
3211,Pass
3212,Pass
3213,Pass
3214,Pass
3215,Pass
3216,Pass
3217,Pass
3218,Pass
3219,Pass
3220,Pass
3221,Pass
3222,Pass
3223,Pass
3224,Pass
3225,Pass
3226,Pass
3227,Pass
3228,Pass
3229,Pass
3230,Pass
3231,Pass
3232,Pass
3233,Pass
3234,Pass
3235,Pass
3236,Pass
3237,Pass
3238,Pass
3239,Pass
3240,Pass
3241,Pass
3242,Pass
3243,Pass
3244,Pass
3245,Pass
3246,Pass
3247,Pass
3248,Pass
3249,Pass
3250,Pass
3251,Pass
3252,Pass
3253,Pass
3254,Pass
3255,Pass
3256,Pass
3257,Pass
3258,Pass
3259,Pass
3260,Pass
3261,Pass
3262,Pass
3263,Pass
3264,Pass
3265,Pass
3266,Pass
3267,Pass
3268,Pass
3269,Pass
3270,Pass
3271,Pass
3272,Pass
3273,Pass
3274,Pass
3275,Pass
3276,Pass
3277,Pass
3278,Pass
3279,Pass
3280,Pass
3281,Pass
3282,Pass
3283,Pass
3284,Pass
3285,Pass
3286,Pass
3287,Pass
3288,Pass
3289,Pass
3290,Pass
3291,Pass
3292,Pass
3293,Pass
3294,Pass
3295,Pass
3296,Pass
3297,Pass
3298,Pass
3299,Pass
3300,Pass
3301,Pass
3302,Pass
3303,Pass
3304,Pass
3305,Pass
3306,Pass
3307,Pass
3308,Pass
3309,Pass
3310,Pass
3311,Pass
3312,Pass
3313,Pass
3314,Pass
3315,Pass
3316,Pass
3317,Pass
3318,Pass
3319,Pass
3320,Pass
3321,Pass
3322,Pass
3323,Pass
3324,Pass
3325,Pass
3326,Pass
3327,Pass
3328,Pass
3329,Pass
3330,Pass
3331,Pass
3332,Pass
3333,Pass
3334,Pass
3335,Pass
3336,Pass
3337,Pass
3338,Pass
3339,Pass
3340,Pass
3341,Pass
3342,Pass
3343,Pass
3344,Pass
3345,Pass
3346,Pass
3347,Pass
3348,Pass
3349,Pass
3350,Pass
3351,Pass
3352,Pass
3353,Pass
3354,Pass
3355,Pass
3356,Pass
3357,Pass
3358,Pass
3359,Pass
3360,Pass
3361,Pass
3362,Pass
3363,Pass
3364,Pass
3365,Pass
3366,Pass
3367,Pass
3368,Pass
3369,Pass
3370,Pass
3371,Pass
3372,Pass
3373,Pass
3374,Pass
3375,Pass
3376,Pass
3377,Pass
3378,Pass
3379,Pass
3380,Pass
3381,Pass
3382,Pass
3383,Pass
3384,Pass
3385,Pass
3386,Pass
3387,Pass
3388,Pass
3389,Pass
3390,Pass
3391,Pass
3392,Pass
3393,Pass
3394,Pass
3395,Pass
3396,Pass
3397,Pass
3398,Pass
3399,Pass
3400,Pass
3401,Pass
3402,Pass
3403,Pass
3404,Pass
3405,Pass
3406,Pass
3407,Pass
3408,Pass
3409,Pass
3410,Pass
3411,Pass
3412,Pass
3413,Pass
3414,Pass
3415,Pass
3416,Pass
3417,Pass
3418,Pass
3419,Pass
3420,Pass
3421,Pass
3422,Pass
3423,Pass
3424,Pass
3425,Pass
3426,Pass
3427,Pass
3428,Pass
3429,Pass
3430,Pass
3431,Pass
3432,Pass
3433,Pass
3434,Pass
3435,Pass
3436,Pass
3437,Pass
3438,Pass
3439,Pass
3440,Pass
3441,Pass
3442,Pass
3443,Pass
3444,Pass
3445,Pass
3446,Pass
3447,Pass
3448,Pass
3449,Pass
3450,Pass
3451,Pass
3452,Pass
3453,Pass
3454,Pass
3455,Pass
3456,Pass
3457,Pass
3458,Pass
3459,Pass
3460,Pass
3461,Pass
3462,Pass
3463,Pass
3464,Pass
3465,Pass
3466,Pass
3467,Pass
3468,Pass
3469,Pass
3470,Pass
3471,Pass
3472,Pass
3473,Pass
3474,Pass
3475,Pass
3476,Pass
3477,Pass
3478,Pass
3479,Pass
3480,Pass
3481,Pass
3482,Pass
3483,Pass
3484,Pass
3485,Pass
3486,Pass
3487,Pass
3488,Pass
3489,Pass
3490,Pass
3491,Pass
3492,Pass
3493,Pass
3494,Pass
3495,Pass
3496,Pass
3497,Pass
3498,Pass
3499,Pass
3500,Pass
3501,Pass
3502,Pass
3503,Pass
3504,Pass
3505,Pass
3506,Pass
3507,Pass
3508,Pass
3509,Pass
3510,Pass
3511,Pass
3512,Pass
3513,Pass
3514,Pass
3515,Pass
3516,Pass
3517,Pass
3518,Pass
3519,Pass
3520,Pass
3521,Pass
3522,Pass
3523,Pass
3524,Pass
3525,Pass
3526,Pass
3527,Pass
3528,Pass
3529,Pass
3530,Pass
3531,Pass
3532,Pass
3533,Pass
3534,Pass
3535,Pass
3536,Pass
3537,Pass
3538,Pass
3539,Pass
3540,Pass
3541,Pass
3542,Pass
3543,Pass
3544,Pass
3545,Pass
3546,Pass
3547,Pass
3548,Pass
3549,Pass
3550,Pass
3551,Pass
3552,Pass
3553,Pass
3554,Pass
3555,Pass
3556,Pass
3557,Pass
3558,Pass
3559,Pass
3560,Pass
3561,Pass
3562,Pass
3563,Pass
3564,Pass
3565,Pass
3566,Pass
3567,Pass
3568,Pass
3569,Pass
3570,Pass
3571,Pass
3572,Pass
3573,Pass
3574,Pass
3575,Pass
3576,Pass
3577,Pass
3578,Pass
3579,Pass
3580,Pass
3581,Pass
3582,Pass
3583,Pass
3584,Pass
3585,Pass
3586,Pass
3587,Pass
3588,Pass
3589,Pass
3590,Pass
3591,Pass
3592,Pass
3593,Pass
3594,Pass
3595,Pass
3596,Pass
3597,Pass
3598,Pass
3599,Pass
3600,Pass
3601,Pass
3602,Pass
3603,Pass
3604,Pass
3605,Pass
3606,Pass
3607,Pass
3608,Pass
3609,Pass
3610,Pass
3611,Pass
3612,Pass
3613,Pass
3614,Pass
3615,Pass
3616,Pass
3617,Pass
3618,Pass
3619,Pass
3620,Pass
3621,Pass
3622,Pass
3623,Pass
3624,Pass
3625,Pass
3626,Pass
3627,Pass
3628,Pass
3629,Pass
3630,Pass
3631,Pass
3632,Pass
3633,Pass
3634,Pass
3635,Pass
3636,Pass
3637,Pass
3638,Pass
3639,Pass
3640,Pass
3641,Pass
3642,Pass
3643,Pass
3644,Pass
3645,Pass
3646,Pass
3647,Pass
3648,Pass
3649,Pass
3650,Pass
3651,Pass
3652,Pass
3653,Pass
3654,Pass
3655,Pass
3656,Pass
3657,Pass
3658,Pass
3659,Pass
3660,Pass
3661,Pass
3662,Pass
3663,Pass
3664,Pass
3665,Pass
3666,Pass
3667,Pass
3668,Pass
3669,Pass
3670,Pass
3671,Pass
3672,Pass
3673,Pass
3674,Pass
3675,Pass
3676,Pass
3677,Pass
3678,Pass
3679,Pass
3680,Pass
3681,Pass
3682,Pass
3683,Pass
3684,Pass
3685,Pass
3686,Pass
3687,Pass
3688,Pass
3689,Pass
3690,Pass
3691,Pass
3692,Pass
3693,Pass
3694,Pass
3695,Pass
3696,Pass
3697,Pass
3698,Pass
3699,Pass
3700,Pass
3701,Pass
3702,Pass
3703,Pass
3704,Pass
3705,Pass
3706,Pass
3707,Pass
3708,Pass
3709,Pass
3710,Pass
3711,Pass
3712,Pass
3713,Pass
3714,Pass
3715,Pass
3716,Pass
3717,Pass
3718,Pass
3719,Pass
3720,Pass
3721,Pass
3722,Pass
3723,Pass
3724,Pass
3725,Pass
3726,Pass
3727,Pass
3728,Pass
3729,Pass
3730,Pass
3731,Pass
3732,Pass
3733,Pass
3734,Pass
3735,Pass
3736,Pass
3737,Pass
3738,Pass
3739,Pass
3740,Pass
3741,Pass
3742,Pass
3743,Pass
3744,Pass
3745,Pass
3746,Pass
3747,Pass
3748,Pass
3749,Pass
3750,Pass
3751,Pass
3752,Pass
3753,Pass
3754,Pass
3755,Pass
3756,Pass
3757,Pass
3758,Pass
3759,Pass
3760,Pass
3761,Pass
3762,Pass
3763,Pass
3764,Pass
3765,Pass
3766,Pass
3767,Pass
3768,Pass
3769,Pass
3770,Pass
3771,Pass
3772,Pass
3773,Pass
3774,Pass
3775,Pass
3776,Pass
3777,Pass
3778,Pass
3779,Pass
3780,Pass
3781,Pass
3782,Pass
3783,Pass
3784,Pass
3785,Pass
3786,Pass
3787,Pass
3788,Pass
3789,Pass
3790,Pass
3791,Pass
3792,Pass
3793,Pass
3794,Pass
3795,Pass
3796,Pass
3797,Pass
3798,Pass
3799,Pass
3800,Pass
3801,Pass
3802,Pass
3803,Pass
3804,Pass
3805,Pass
3806,Pass
3807,Pass
3808,Pass
3809,Pass
3810,Pass
3811,Pass
3812,Pass
3813,Pass
3814,Pass
3815,Pass
3816,Pass
3817,Pass
3818,Pass
3819,Pass
3820,Pass
3821,Pass
3822,Pass
3823,Pass
3824,Pass
3825,Pass
3826,Pass
3827,Pass
3828,Pass
3829,Pass
3830,Pass
3831,Pass
3832,Pass
3833,Pass
3834,Pass
3835,Pass
3836,Pass
3837,Pass
3838,Pass
3839,Pass
3840,Pass
3841,Pass
3842,Pass
3843,Pass
3844,Pass
3845,Pass
3846,Pass
3847,Pass
3848,Pass
3849,Pass
3850,Pass
3851,Pass
3852,Pass
3853,Pass
3854,Pass
3855,Pass
3856,Pass
3857,Pass
3858,Pass
3859,Pass
3860,Pass
3861,Pass
3862,Pass
3863,Pass
3864,Pass
3865,Pass
3866,Pass
3867,Pass
3868,Pass
3869,Pass
3870,Pass
3871,Pass
3872,Pass
3873,Pass
3874,Pass
3875,Pass
3876,Pass
3877,Pass
3878,Pass
3879,Pass
3880,Pass
3881,Pass
3882,Pass
3883,Pass
3884,Pass
3885,Pass
3886,Pass
3887,Pass
3888,Pass
3889,Pass
3890,Pass
3891,Pass
3892,Pass
3893,Pass
3894,Pass
3895,Pass
3896,Pass
3897,Pass
3898,Pass
3899,Pass
3900,Pass
3901,Pass
3902,Pass
3903,Pass
3904,Pass
3905,Pass
3906,Pass
3907,Pass
3908,Pass
3909,Pass
3910,Pass
3911,Pass
3912,Pass
3913,Pass
3914,Pass
3915,Pass
3916,Pass
3917,Pass
3918,Pass
3919,Pass
3920,Pass
3921,Pass
3922,Pass
3923,Pass
3924,Pass
3925,Pass
3926,Pass
3927,Pass
3928,Pass
3929,Pass
3930,Pass
3931,Pass
3932,Pass
3933,Pass
3934,Pass
3935,Pass
3936,Pass
3937,Pass
3938,Pass
3939,Pass
3940,Pass
3941,Pass
3942,Pass
3943,Pass
3944,Pass
3945,Pass
3946,Pass
3947,Pass
3948,Pass
3949,Pass
3950,Pass
3951,Pass
3952,Pass
3953,Pass
3954,Pass
3955,Pass
3956,Pass
3957,Pass
3958,Pass
3959,Pass
3960,Pass
3961,Pass
3962,Pass
3963,Pass
3964,Pass
3965,Pass
3966,Pass
3967,Pass
3968,Pass
3969,Pass
3970,Pass
3971,Pass
3972,Pass
3973,Pass
3974,Pass
3975,Pass
3976,Pass
3977,Pass
3978,Pass
3979,Pass
3980,Pass
3981,Pass
3982,Pass
3983,Pass
3984,Pass
3985,Pass
3986,Pass
3987,Pass
3988,Pass
3989,Pass
3990,Pass
3991,Pass
3992,Pass
3993,Pass
3994,Pass
3995,Pass
3996,Pass
3997,Pass
3998,Pass
3999,Pass
4000,Pass
4001,Pass
4002,Pass
4003,Pass
4004,Pass
4005,Pass
4006,Pass
4007,Pass
4008,Pass
4009,Pass
4010,Pass
4011,Pass
4012,Pass
4013,Pass
4014,Pass
4015,Pass
4016,Pass
4017,Pass
4018,Pass
4019,Pass
4020,Pass
4021,Pass
4022,Pass
4023,Pass
4024,Pass
4025,Pass
4026,Pass
4027,Pass
4028,Pass
4029,Pass
4030,Pass
4031,Pass
4032,Pass
4033,Pass
4034,Pass
4035,Pass
4036,Pass
4037,Pass
4038,Pass
4039,Pass
4040,Pass
4041,Pass
4042,Pass
4043,Pass
4044,Pass
4045,Pass
4046,Pass
4047,Pass
4048,Pass
4049,Pass
4050,Pass
4051,Pass
4052,Pass
4053,Pass
4054,Pass
4055,Pass
4056,Pass
4057,Pass
4058,Pass
4059,Pass
4060,Pass
4061,Pass
4062,Pass
4063,Pass
4064,Pass
4065,Pass
4066,Pass
4067,Pass
4068,Pass
4069,Pass
4070,Pass
4071,Pass
4072,Pass
4073,Pass
4074,Pass
4075,Pass
4076,Pass
4077,Pass
4078,Pass
4079,Pass
4080,Pass
4081,Pass
4082,Pass
4083,Pass
4084,Pass
4085,Pass
4086,Pass
4087,Pass
4088,Pass
4089,Pass
4090,Pass
4091,Pass
4092,Pass
4093,Pass
4094,Pass
4095,Pass
4096,Pass
4097,Pass
4098,Pass
4099,Pass
4100,Pass
4101,Pass
4102,Pass
4103,Pass
4104,Pass
4105,Pass
4106,Pass
4107,Pass
4108,Pass
4109,Pass
4110,Pass
4111,Pass
4112,Pass
4113,Pass
4114,Pass
4115,Pass
4116,Pass
4117,Pass
4118,Pass
4119,Pass
4120,Pass
4121,Pass
4122,Pass
4123,Pass
4124,Pass
4125,Pass
4126,Pass
4127,Pass
4128,Pass
4129,Pass
4130,Pass
4131,Pass
4132,Pass
4133,Pass
4134,Pass
4135,Pass
4136,Pass
4137,Pass
4138,Pass
4139,Pass
4140,Pass
4141,Pass
4142,Pass
4143,Pass
4144,Pass
4145,Pass
4146,Pass
4147,Pass
4148,Pass
4149,Pass
4150,Pass
4151,Pass
4152,Pass
4153,Pass
4154,Pass
4155,Pass
4156,Pass
4157,Pass
4158,Pass
4159,Pass
4160,Pass
4161,Pass
4162,Pass
4163,Pass
4164,Pass
4165,Pass
4166,Pass
4167,Pass
4168,Pass
4169,Pass
4170,Pass
4171,Pass
4172,Pass
4173,Pass
4174,Pass
4175,Pass
4176,Pass
4177,Pass
4178,Pass
4179,Pass
4180,Pass
4181,Pass
4182,Pass
4183,Pass
4184,Pass
4185,Pass
4186,Pass
4187,Pass
4188,Pass
4189,Pass
4190,Pass
4191,Pass
4192,Pass
4193,Pass
4194,Pass
4195,Pass
4196,Pass
4197,Pass
4198,Pass
4199,Pass
4200,Pass
4201,Pass
4202,Pass
4203,Pass
4204,Pass
4205,Pass
4206,Pass
4207,Pass
4208,Pass
4209,Pass
4210,Pass
4211,Pass
4212,Pass
4213,Pass
4214,Pass
4215,Pass
4216,Pass
4217,Pass
4218,Pass
4219,Pass
4220,Pass
4221,Pass
4222,Pass
4223,Pass
4224,Pass
4225,Pass
4226,Pass
4227,Pass
4228,Pass
4229,Pass
4230,Pass
4231,Pass
4232,Pass
4233,Pass
4234,Pass
4235,Pass
4236,Pass
4237,Pass
4238,Pass
4239,Pass
4240,Pass
4241,Pass
4242,Pass
4243,Pass
4244,Pass
4245,Pass
4246,Pass
4247,Pass
4248,Pass
4249,Pass
4250,Pass
4251,Pass
4252,Pass
4253,Pass
4254,Pass
4255,Pass
4256,Pass
4257,Pass
4258,Pass
4259,Pass
4260,Pass
4261,Pass
4262,Pass
4263,Pass
4264,Pass
4265,Pass
4266,Pass
4267,Pass
4268,Pass
4269,Pass
4270,Pass
4271,Pass
4272,Pass
4273,Pass
4274,Pass
4275,Pass
4276,Pass
4277,Pass
4278,Pass
4279,Pass
4280,Pass
4281,Pass
4282,Pass
4283,Pass
4284,Pass
4285,Pass
4286,Pass
4287,Pass
4288,Pass
4289,Pass
4290,Pass
4291,Pass
4292,Pass
4293,Pass
4294,Pass
4295,Pass
4296,Pass
4297,Pass
4298,Pass
4299,Pass
4300,Pass
4301,Pass
4302,Pass
4303,Pass
4304,Pass
4305,Pass
4306,Pass
4307,Pass
4308,Pass
4309,Pass
4310,Pass
4311,Pass
4312,Pass
4313,Pass
4314,Pass
4315,Pass
4316,Pass
4317,Pass
4318,Pass
4319,Pass
4320,Pass
4321,Pass
4322,Pass
4323,Pass
4324,Pass
4325,Pass
4326,Pass
4327,Pass
4328,Pass
4329,Pass
4330,Pass
4331,Pass
4332,Pass
4333,Pass
4334,Pass
4335,Pass
4336,Pass
4337,Pass
4338,Pass
4339,Pass
4340,Pass
4341,Pass
4342,Pass
4343,Pass
4344,Pass
4345,Pass
4346,Pass
4347,Pass
4348,Pass
4349,Pass
4350,Pass
4351,Pass
4352,Pass
4353,Pass
4354,Pass
4355,Pass
4356,Pass
4357,Pass
4358,Pass
4359,Pass
4360,Pass
4361,Pass
4362,Pass
4363,Pass
4364,Pass
4365,Pass
4366,Pass
4367,Pass
4368,Pass
4369,Pass
4370,Pass
4371,Pass
4372,Pass
4373,Pass
4374,Pass
4375,Pass
4376,Pass
4377,Pass
4378,Pass
4379,Pass
4380,Pass
4381,Pass
4382,Pass
4383,Pass
4384,Pass
4385,Pass
4386,Pass
4387,Pass
4388,Pass
4389,Pass
4390,Pass
4391,Pass
4392,Pass
4393,Pass
4394,Pass
4395,Pass
4396,Pass
4397,Pass
4398,Pass
4399,Pass
4400,Pass
4401,Pass
4402,Pass
4403,Pass
4404,Pass
4405,Pass
4406,Pass
4407,Pass
4408,Pass
4409,Pass
4410,Pass
4411,Pass
4412,Pass
4413,Pass
4414,Pass
4415,Pass
4416,Pass
4417,Pass
4418,Pass
4419,Pass
4420,Pass
4421,Pass
4422,Pass
4423,Pass
4424,Pass
4425,Pass
4426,Pass
4427,Pass
4428,Pass
4429,Pass
4430,Pass
4431,Pass
4432,Pass
4433,Pass
4434,Pass
4435,Pass
4436,Pass
4437,Pass
4438,Pass
4439,Pass
4440,Pass
4441,Pass
4442,Pass
4443,Pass
4444,Pass
4445,Pass
4446,Pass
4447,Pass
4448,Pass
4449,Pass
4450,Pass
4451,Pass
4452,Pass
4453,Pass
4454,Pass
4455,Pass
4456,Pass
4457,Pass
4458,Pass
4459,Pass
4460,Pass
4461,Pass
4462,Pass
4463,Pass
4464,Pass
4465,Pass
4466,Pass
4467,Pass
4468,Pass
4469,Pass
4470,Pass
4471,Pass
4472,Pass
4473,Pass
4474,Pass
4475,Pass
4476,Pass
4477,Pass
4478,Pass
4479,Pass
4480,Pass
4481,Pass
4482,Pass
4483,Pass
4484,Pass
4485,Pass
4486,Pass
4487,Pass
4488,Pass
4489,Pass
4490,Pass
4491,Pass
4492,Pass
4493,Pass
4494,Pass
4495,Pass
4496,Pass
4497,Pass
4498,Pass
4499,Pass
4500,Pass
4501,Pass
4502,Pass
4503,Pass
4504,Pass
4505,Pass
4506,Pass
4507,Pass
4508,Pass
4509,Pass
4510,Pass
4511,Pass
4512,Pass
4513,Pass
4514,Pass
4515,Pass
4516,Pass
4517,Pass
4518,Pass
4519,Pass
4520,Pass
4521,Pass
4522,Pass
4523,Pass
4524,Pass
4525,Pass
4526,Pass
4527,Pass
4528,Pass
4529,Pass
4530,Pass
4531,Pass
4532,Pass
4533,Pass
4534,Pass
4535,Pass
4536,Pass
4537,Pass
4538,Pass
4539,Pass
4540,Pass
4541,Pass
4542,Pass
4543,Pass
4544,Pass
4545,Pass
4546,Pass
4547,Pass
4548,Pass
4549,Pass
4550,Pass
4551,Pass
4552,Pass
4553,Pass
4554,Pass
4555,Pass
4556,Pass
4557,Pass
4558,Pass
4559,Pass
4560,Pass
4561,Pass
4562,Pass
4563,Pass
4564,Pass
4565,Pass
4566,Pass
4567,Pass
4568,Pass
4569,Pass
4570,Pass
4571,Pass
4572,Pass
4573,Pass
4574,Pass
4575,Pass
4576,Pass
4577,Pass
4578,Pass
4579,Pass
4580,Pass
4581,Pass
4582,Pass
4583,Pass
4584,Pass
4585,Pass
4586,Pass
4587,Pass
4588,Pass
4589,Pass
4590,Pass
4591,Pass
4592,Pass
4593,Pass
4594,Pass
4595,Pass
4596,Pass
4597,Pass
4598,Pass
4599,Pass
4600,Pass
4601,Pass
4602,Pass
4603,Pass
4604,Pass
4605,Pass
4606,Pass
4607,Pass
4608,Pass
4609,Pass
4610,Pass
4611,Pass
4612,Pass
4613,Pass
4614,Pass
4615,Pass
4616,Pass
4617,Pass
4618,Pass
4619,Pass
4620,Pass
4621,Pass
4622,Pass
4623,Pass
4624,Pass
4625,Pass
4626,Pass
4627,Pass
4628,Pass
4629,Pass
4630,Pass
4631,Pass
4632,Pass
4633,Pass
4634,Pass
4635,Pass
4636,Pass
4637,Pass
4638,Pass
4639,Pass
4640,Pass
4641,Pass
4642,Pass
4643,Pass
4644,Pass
4645,Pass
4646,Pass
4647,Pass
4648,Pass
4649,Pass
4650,Pass
4651,Pass
4652,Pass
4653,Pass
4654,Pass
4655,Pass
4656,Pass
4657,Pass
4658,Pass
4659,Pass
4660,Pass
4661,Pass
4662,Pass
4663,Pass
4664,Pass
4665,Pass
4666,Pass
4667,Pass
4668,Pass
4669,Pass
4670,Pass
4671,Pass
4672,Pass
4673,Pass
4674,Pass
4675,Pass
4676,Pass
4677,Pass
4678,Pass
4679,Pass
4680,Pass
4681,Pass
4682,Pass
4683,Pass
4684,Pass
4685,Pass
4686,Pass
4687,Pass
4688,Pass
4689,Pass
4690,Pass
4691,Pass
4692,Pass
4693,Pass
4694,Pass
4695,Pass
4696,Pass
4697,Pass
4698,Pass
4699,Pass
4700,Pass
4701,Pass
4702,Pass
4703,Pass
4704,Pass
4705,Pass
4706,Pass
4707,Pass
4708,Pass
4709,Pass
4710,Pass
4711,Pass
4712,Pass
4713,Pass
4714,Pass
4715,Pass
4716,Pass
4717,Pass
4718,Pass
4719,Pass
4720,Pass
4721,Pass
4722,Pass
4723,Pass
4724,Pass
4725,Pass
4726,Pass
4727,Pass
4728,Pass
4729,Pass
4730,Pass
4731,Pass
4732,Pass
4733,Pass
4734,Pass
4735,Pass
4736,Pass
4737,Pass
4738,Pass
4739,Pass
4740,Pass
4741,Pass
4742,Pass
4743,Pass
4744,Pass
4745,Pass
4746,Pass
4747,Pass
4748,Pass
4749,Pass
4750,Pass
4751,Pass
4752,Pass
4753,Pass
4754,Pass
4755,Pass
4756,Pass
4757,Pass
4758,Pass
4759,Pass
4760,Pass
4761,Pass
4762,Pass
4763,Pass
4764,Pass
4765,Pass
4766,Pass
4767,Pass
4768,Pass
4769,Pass
4770,Pass
4771,Pass
4772,Pass
4773,Pass
4774,Pass
4775,Pass
4776,Pass
4777,Pass
4778,Pass
4779,Pass
4780,Pass
4781,Pass
4782,Pass
4783,Pass
4784,Pass
4785,Pass
4786,Pass
4787,Pass
4788,Pass
4789,Pass
4790,Pass
4791,Pass
4792,Pass
4793,Pass
4794,Pass
4795,Pass
4796,Pass
4797,Pass
4798,Pass
4799,Pass
4800,Pass
4801,Pass
4802,Pass
4803,Pass
4804,Pass
4805,Pass
4806,Pass
4807,Pass
4808,Pass
4809,Pass
4810,Pass
4811,Pass
4812,Pass
4813,Pass
4814,Pass
4815,Pass
4816,Pass
4817,Pass
4818,Pass
4819,Pass
4820,Pass
4821,Pass
4822,Pass
4823,Pass
4824,Pass
4825,Pass
4826,Pass
4827,Pass
4828,Pass
4829,Pass
4830,Pass
4831,Pass
4832,Pass
4833,Pass
4834,Pass
4835,Pass
4836,Pass
4837,Pass
4838,Pass
4839,Pass
4840,Pass
4841,Pass
4842,Pass
4843,Pass
4844,Pass
4845,Pass
4846,Pass
4847,Pass
4848,Pass
4849,Pass
4850,Pass
4851,Pass
4852,Pass
4853,Pass
4854,Pass
4855,Pass
4856,Pass
4857,Pass
4858,Pass
4859,Pass
4860,Pass
4861,Pass
4862,Pass
4863,Pass
4864,Pass
4865,Pass
4866,Pass
4867,Pass
4868,Pass
4869,Pass
4870,Pass
4871,Pass
4872,Pass
4873,Pass
4874,Pass
4875,Pass
4876,Pass
4877,Pass
4878,Pass
4879,Pass
4880,Pass
4881,Pass
4882,Pass
4883,Pass
4884,Pass
4885,Pass
4886,Pass
4887,Pass
4888,Pass
4889,Pass
4890,Pass
4891,Pass
4892,Pass
4893,Pass
4894,Pass
4895,Pass
4896,Pass
4897,Pass
4898,Pass
4899,Pass
4900,Pass
4901,Pass
4902,Pass
4903,Pass
4904,Pass
4905,Pass
4906,Pass
4907,Pass
4908,Pass
4909,Pass
4910,Pass
4911,Pass
4912,Pass
4913,Pass
4914,Pass
4915,Pass
4916,Pass
4917,Pass
4918,Pass
4919,Pass
4920,Pass
4921,Pass
4922,Pass
4923,Pass
4924,Pass
4925,Pass
4926,Pass
4927,Pass
4928,Pass
4929,Pass
4930,Pass
4931,Pass
4932,Pass
4933,Pass
4934,Pass
4935,Pass
4936,Pass
4937,Pass
4938,Pass
4939,Pass
4940,Pass
4941,Pass
4942,Pass
4943,Pass
4944,Pass
4945,Pass
4946,Pass
4947,Pass
4948,Pass
4949,Pass
4950,Pass
4951,Pass
4952,Pass
4953,Pass
4954,Pass
4955,Pass
4956,Pass
4957,Pass
4958,Pass
4959,Pass
4960,Pass
4961,Pass
4962,Pass
4963,Pass
4964,Pass
4965,Pass
4966,Pass
4967,Pass
4968,Pass
4969,Pass
4970,Pass
4971,Pass
4972,Pass
4973,Pass
4974,Pass
4975,Pass
4976,Pass
4977,Pass
4978,Pass
4979,Pass
4980,Pass
4981,Pass
4982,Pass
4983,Pass
4984,Pass
4985,Pass
4986,Pass
4987,Pass
4988,Pass
4989,Pass
4990,Pass
4991,Pass
4992,Pass
4993,Pass
4994,Pass
4995,Pass
4996,Pass
4997,Pass
4998,Pass
4999,Pass
5000,Pass
5001,Pass
5002,Pass
5003,Pass
5004,Pass
5005,Pass
5006,Pass
5007,Pass
5008,Pass
5009,Pass
5010,Pass
5011,Pass
5012,Pass
5013,Pass
5014,Pass
5015,Pass
5016,Pass
5017,Pass
5018,Pass
5019,Pass
5020,Pass
5021,Pass
5022,Pass
5023,Pass
5024,Pass
5025,Pass
5026,Pass
5027,Pass
5028,Pass
5029,Pass
5030,Pass
5031,Pass
5032,Pass
5033,Pass
5034,Pass
5035,Pass
5036,Pass
5037,Pass
5038,Pass
5039,Pass
5040,Pass
5041,Pass
5042,Pass
5043,Pass
5044,Pass
5045,Pass
5046,Pass
5047,Pass
5048,Pass
5049,Pass
5050,Pass
5051,Pass
5052,Pass
5053,Pass
5054,Pass
5055,Pass
5056,Pass
5057,Pass
5058,Pass
5059,Pass
5060,Pass
5061,Pass
5062,Pass
5063,Pass
5064,Pass
5065,Pass
5066,Pass
5067,Pass
5068,Pass
5069,Pass
5070,Pass
5071,Pass
5072,Pass
5073,Pass
5074,Pass
5075,Pass
5076,Pass
5077,Pass
5078,Pass
5079,Pass
5080,Pass
5081,Pass
5082,Pass
5083,Pass
5084,Pass
5085,Pass
5086,Pass
5087,Pass
5088,Pass
5089,Pass
5090,Pass
5091,Pass
5092,Pass
5093,Pass
5094,Pass
5095,Pass
5096,Pass
5097,Pass
5098,Pass
5099,Pass
5100,Pass
5101,Pass
5102,Pass
5103,Pass
5104,Pass
5105,Pass
5106,Pass
5107,Pass
5108,Pass
5109,Pass
5110,Pass
5111,Pass
5112,Pass
5113,Pass
5114,Pass
5115,Pass
5116,Pass
5117,Pass
5118,Pass
5119,Pass
5120,Pass
5121,Pass
5122,Pass
5123,Pass
5124,Pass
5125,Pass
5126,Pass
5127,Pass
5128,Pass
5129,Pass
5130,Pass
5131,Pass
5132,Pass
5133,Pass
5134,Pass
5135,Pass
5136,Pass
5137,Pass
5138,Pass
5139,Pass
5140,Pass
5141,Pass
5142,Pass
5143,Pass
5144,Pass
5145,Pass
5146,Pass
5147,Pass
5148,Pass
5149,Pass
5150,Pass
5151,Pass
5152,Pass
5153,Pass
5154,Pass
5155,Pass
5156,Pass
5157,Pass
5158,Pass
5159,Pass
5160,Pass
5161,Pass
5162,Pass
5163,Pass
5164,Pass
5165,Pass
5166,Pass
5167,Pass
5168,Pass
5169,Pass
5170,Pass
5171,Pass
5172,Pass
5173,Pass
5174,Pass
5175,Pass
5176,Pass
5177,Pass
5178,Pass
5179,Pass
5180,Pass
5181,Pass
5182,Pass
5183,Pass
5184,Pass
5185,Pass
5186,Pass
5187,Pass
5188,Pass
5189,Pass
5190,Pass
5191,Pass
5192,Pass
5193,Pass
5194,Pass
5195,Pass
5196,Pass
5197,Pass
5198,Pass
5199,Pass
5200,Pass
5201,Pass
5202,Pass
5203,Pass
5204,Pass
5205,Pass
5206,Pass
5207,Pass
5208,Pass
5209,Pass
5210,Pass
5211,Pass
5212,Pass
5213,Pass
5214,Pass
5215,Pass
5216,Pass
5217,Pass
5218,Pass
5219,Pass
5220,Pass
5221,Pass
5222,Pass
5223,Pass
5224,Pass
5225,Pass
5226,Pass
5227,Pass
5228,Pass
5229,Pass
5230,Pass
5231,Pass
5232,Pass
5233,Pass
5234,Pass
5235,Pass
5236,Pass
5237,Pass
5238,Pass
5239,Pass
5240,Pass
5241,Pass
5242,Pass
5243,Pass
5244,Pass
5245,Pass
5246,Pass
5247,Pass
5248,Pass
5249,Pass
5250,Pass
5251,Pass
5252,Pass
5253,Pass
5254,Pass
5255,Pass
5256,Pass
5257,Pass
5258,Pass
5259,Pass
5260,Pass
5261,Pass
5262,Pass
5263,Pass
5264,Pass
5265,Pass
5266,Pass
5267,Pass
5268,Pass
5269,Pass
5270,Pass
5271,Pass
5272,Pass
5273,Pass
5274,Pass
5275,Pass
5276,Pass
5277,Pass
5278,Pass
5279,Pass
5280,Pass
5281,Pass
5282,Pass
5283,Pass
5284,Pass
5285,Pass
5286,Pass
5287,Pass
5288,Pass
5289,Pass
5290,Pass
5291,Pass
5292,Pass
5293,Pass
5294,Pass
5295,Pass
5296,Pass
5297,Pass
5298,Pass
5299,Pass
5300,Pass
5301,Pass
5302,Pass
5303,Pass
5304,Pass
5305,Pass
5306,Pass
5307,Pass
5308,Pass
5309,Pass
5310,Pass
5311,Pass
5312,Pass
5313,Pass
5314,Pass
5315,Pass
5316,Pass
5317,Pass
5318,Pass
5319,Pass
5320,Pass
5321,Pass
5322,Pass
5323,Pass
5324,Pass
5325,Pass
5326,Pass
5327,Pass
5328,Pass
5329,Pass
5330,Pass
5331,Pass
5332,Pass
5333,Pass
5334,Pass
5335,Pass
5336,Pass
5337,Pass
5338,Pass
5339,Pass
5340,Pass
5341,Pass
5342,Pass
5343,Pass
5344,Pass
5345,Pass
5346,Pass
5347,Pass
5348,Pass
5349,Pass
5350,Pass
5351,Pass
5352,Pass
5353,Pass
5354,Pass
5355,Pass
5356,Pass
5357,Pass
5358,Pass
5359,Pass
5360,Pass
5361,Pass
5362,Pass
5363,Pass
5364,Pass
5365,Pass
5366,Pass
5367,Pass
5368,Pass
5369,Pass
5370,Pass
5371,Pass
5372,Pass
5373,Pass
5374,Pass
5375,Pass
5376,Pass
5377,Pass
5378,Pass
5379,Pass
5380,Pass
5381,Pass
5382,Pass
5383,Pass
5384,Pass
5385,Pass
5386,Pass
5387,Pass
5388,Pass
5389,Pass
5390,Pass
5391,Pass
5392,Pass
5393,Pass
5394,Pass
5395,Pass
5396,Pass
5397,Pass
5398,Pass
5399,Pass
5400,Pass
5401,Pass
5402,Pass
5403,Pass
5404,Pass
5405,Pass
5406,Pass
5407,Pass
5408,Pass
5409,Pass
5410,Pass
5411,Pass
5412,Pass
5413,Pass
5414,Pass
5415,Pass
5416,Pass
5417,Pass
5418,Pass
5419,Pass
5420,Pass
5421,Pass
5422,Pass
5423,Pass
5424,Pass
5425,Pass
5426,Pass
5427,Pass
5428,Pass
5429,Pass
5430,Pass
5431,Pass
5432,Pass
5433,Pass
5434,Pass
5435,Pass
5436,Pass
5437,Pass
5438,Pass
5439,Pass
5440,Pass
5441,Pass
5442,Pass
5443,Pass
5444,Pass
5445,Pass
5446,Pass
5447,Pass
5448,Pass
5449,Pass
5450,Pass
5451,Pass
5452,Pass
5453,Pass
5454,Pass
5455,Pass
5456,Pass
5457,Pass
5458,Pass
5459,Pass
5460,Pass
5461,Pass
5462,Pass
5463,Pass
5464,Pass
5465,Pass
5466,Pass
5467,Pass
5468,Pass
5469,Pass
5470,Pass
5471,Pass
5472,Pass
5473,Pass
5474,Pass
5475,Pass
5476,Pass
5477,Pass
5478,Pass
5479,Pass
5480,Pass
5481,Pass
5482,Pass
5483,Pass
5484,Pass
5485,Pass
5486,Pass
5487,Pass
5488,Pass
5489,Pass
5490,Pass
5491,Pass
5492,Pass
5493,Pass
5494,Pass
5495,Pass
5496,Pass
5497,Pass
5498,Pass
5499,Pass
5500,Pass
5501,Pass
5502,Pass
5503,Pass
5504,Pass
5505,Pass
5506,Pass
5507,Pass
5508,Pass
5509,Pass
5510,Pass
5511,Pass
5512,Pass
5513,Pass
5514,Pass
5515,Pass
5516,Pass
5517,Pass
5518,Pass
5519,Pass
5520,Pass
5521,Pass
5522,Pass
5523,Pass
5524,Pass
5525,Pass
5526,Pass
5527,Pass
5528,Pass
5529,Pass
5530,Pass
5531,Pass
5532,Pass
5533,Pass
5534,Pass
5535,Pass
5536,Pass
5537,Pass
5538,Pass
5539,Pass
5540,Pass
5541,Pass
5542,Pass
5543,Pass
5544,Pass
5545,Pass
5546,Pass
5547,Pass
5548,Pass
5549,Pass
5550,Pass
5551,Pass
5552,Pass
5553,Pass
5554,Pass
5555,Pass
5556,Pass
5557,Pass
5558,Pass
5559,Pass
5560,Pass
5561,Pass
5562,Pass
5563,Pass
5564,Pass
5565,Pass
5566,Pass
5567,Pass
5568,Pass
5569,Pass
5570,Pass
5571,Pass
5572,Pass
5573,Pass
5574,Pass
5575,Pass
5576,Pass
5577,Pass
5578,Pass
5579,Pass
5580,Pass
5581,Pass
5582,Pass
5583,Pass
5584,Pass
5585,Pass
5586,Pass
5587,Pass
5588,Pass
5589,Pass
5590,Pass
5591,Pass
5592,Pass
5593,Pass
5594,Pass
5595,Pass
5596,Pass
5597,Pass
5598,Pass
5599,Pass
5600,Pass
5601,Pass
5602,Pass
5603,Pass
5604,Pass
5605,Pass
5606,Pass
5607,Pass
5608,Pass
5609,Pass
5610,Pass
5611,Pass
5612,Pass
5613,Pass
5614,Pass
5615,Pass
5616,Pass
5617,Pass
5618,Pass
5619,Pass
5620,Pass
5621,Pass
5622,Pass
5623,Pass
5624,Pass
5625,Pass
5626,Pass
5627,Pass
5628,Pass
5629,Pass
5630,Pass
5631,Pass
5632,Pass
5633,Pass
5634,Pass
5635,Pass
5636,Pass
5637,Pass
5638,Pass
5639,Pass
5640,Pass
5641,Pass
5642,Pass
5643,Pass
5644,Pass
5645,Pass
5646,Pass
5647,Pass
5648,Pass
5649,Pass
5650,Pass
5651,Pass
5652,Pass
5653,Pass
5654,Pass
5655,Pass
5656,Pass
5657,Pass
5658,Pass
5659,Pass
5660,Pass
5661,Pass
5662,Pass
5663,Pass
5664,Pass
5665,Pass
5666,Pass
5667,Pass
5668,Pass
5669,Pass
5670,Pass
5671,Pass
5672,Pass
5673,Pass
5674,Pass
5675,Pass
5676,Pass
5677,Pass
5678,Pass
5679,Pass
5680,Pass
5681,Pass
5682,Pass
5683,Pass
5684,Pass
5685,Pass
5686,Pass
5687,Pass
5688,Pass
5689,Pass
5690,Pass
5691,Pass
5692,Pass
5693,Pass
5694,Pass
5695,Pass
5696,Pass
5697,Pass
5698,Pass
5699,Pass
5700,Pass
5701,Pass
5702,Pass
5703,Pass
5704,Pass
5705,Pass
5706,Pass
5707,Pass
5708,Pass
5709,Pass
5710,Pass
5711,Pass
5712,Pass
5713,Pass
5714,Pass
5715,Pass
5716,Pass
5717,Pass
5718,Pass
5719,Pass
5720,Pass
5721,Pass
5722,Pass
5723,Pass
5724,Pass
5725,Pass
5726,Pass
5727,Pass
5728,Pass
5729,Pass
5730,Pass
5731,Pass
5732,Pass
5733,Pass
5734,Pass
5735,Pass
5736,Pass
5737,Pass
5738,Pass
5739,Pass
5740,Pass
5741,Pass
5742,Pass
5743,Pass
5744,Pass
5745,Pass
5746,Pass
5747,Pass
5748,Pass
5749,Pass
5750,Pass
5751,Pass
5752,Pass
5753,Pass
5754,Pass
5755,Pass
5756,Pass
5757,Pass
5758,Pass
5759,Pass
5760,Pass
5761,Pass
5762,Pass
5763,Pass
5764,Pass
5765,Pass
5766,Pass
5767,Pass
5768,Pass
5769,Pass
5770,Pass
5771,Pass
5772,Pass
5773,Pass
5774,Pass
5775,Pass
5776,Pass
5777,Pass
5778,Pass
5779,Pass
5780,Pass
5781,Pass
5782,Pass
5783,Pass
5784,Pass
5785,Pass
5786,Pass
5787,Pass
5788,Pass
5789,Pass
5790,Pass
5791,Pass
5792,Pass
5793,Pass
5794,Pass
5795,Pass
5796,Pass
5797,Pass
5798,Pass
5799,Pass
5800,Pass
5801,Pass
5802,Pass
5803,Pass
5804,Pass
5805,Pass
5806,Pass
5807,Pass
5808,Pass
5809,Pass
5810,Pass
5811,Pass
5812,Pass
5813,Pass
5814,Pass
5815,Pass
5816,Pass
5817,Pass
5818,Pass
5819,Pass
5820,Pass
5821,Pass
5822,Pass
5823,Pass
5824,Pass
5825,Pass
5826,Pass
5827,Pass
5828,Pass
5829,Pass
5830,Pass
5831,Pass
5832,Pass
5833,Pass
5834,Pass
5835,Pass
5836,Pass
5837,Pass
5838,Pass
5839,Pass
5840,Pass
5841,Pass
5842,Pass
5843,Pass
5844,Pass
5845,Pass
5846,Pass
5847,Pass
5848,Pass
5849,Pass
5850,Pass
5851,Pass
5852,Pass
5853,Pass
5854,Pass
5855,Pass
5856,Pass
5857,Pass
5858,Pass
5859,Pass
5860,Pass
5861,Pass
5862,Pass
5863,Pass
5864,Pass
5865,Pass
5866,Pass
5867,Pass
5868,Pass
5869,Pass
5870,Pass
5871,Pass
5872,Pass
5873,Pass
5874,Pass
5875,Pass
5876,Pass
5877,Pass
5878,Pass
5879,Pass
5880,Pass
5881,Pass
5882,Pass
5883,Pass
5884,Pass
5885,Pass
5886,Pass
5887,Pass
5888,Pass
5889,Pass
5890,Pass
5891,Pass
5892,Pass
5893,Pass
5894,Pass
5895,Pass
5896,Pass
5897,Pass
5898,Pass
5899,Pass
5900,Pass
5901,Pass
5902,Pass
5903,Pass
5904,Pass
5905,Pass
5906,Pass
5907,Pass
5908,Pass
5909,Pass
5910,Pass
5911,Pass
5912,Pass
5913,Pass
5914,Pass
5915,Pass
5916,Pass
5917,Pass
5918,Pass
5919,Pass
5920,Pass
5921,Pass
5922,Pass
5923,Pass
5924,Pass
5925,Pass
5926,Pass
5927,Pass
5928,Pass
5929,Pass
5930,Pass
5931,Pass
5932,Pass
5933,Pass
5934,Pass
5935,Pass
5936,Pass
5937,Pass
5938,Pass
5939,Pass
5940,Pass
5941,Pass
5942,Pass
5943,Pass
5944,Pass
5945,Pass
5946,Pass
5947,Pass
5948,Pass
5949,Pass
5950,Pass
5951,Pass
5952,Pass
5953,Pass
5954,Pass
5955,Pass
5956,Pass
5957,Pass
5958,Pass
5959,Pass
5960,Pass
5961,Pass
5962,Pass
5963,Pass
5964,Pass
5965,Pass
5966,Pass
5967,Pass
5968,Pass
5969,Pass
5970,Pass
5971,Pass
5972,Pass
5973,Pass
5974,Pass
5975,Pass
5976,Pass
5977,Pass
5978,Pass
5979,Pass
5980,Pass
5981,Pass
5982,Pass
5983,Pass
5984,Pass
5985,Pass
5986,Pass
5987,Pass
5988,Pass
5989,Pass
5990,Pass
5991,Pass
5992,Pass
5993,Pass
5994,Pass
5995,Pass
5996,Pass
5997,Pass
5998,Pass
5999,Pass
6000,Pass
6001,Pass
6002,Pass
6003,Pass
6004,Pass
6005,Pass
6006,Pass
6007,Pass
6008,Pass
6009,Pass
6010,Pass
6011,Pass
6012,Pass
6013,Pass
6014,Pass
6015,Pass
6016,Pass
6017,Pass
6018,Pass
6019,Pass
6020,Pass
6021,Pass
6022,Pass
6023,Pass
6024,Pass
6025,Pass
6026,Pass
6027,Pass
6028,Pass
6029,Pass
6030,Pass
6031,Pass
6032,Pass
6033,Pass
6034,Pass
6035,Pass
6036,Pass
6037,Pass
6038,Pass
6039,Pass
6040,Pass
6041,Pass
6042,Pass
6043,Pass
6044,Pass
6045,Pass
6046,Pass
6047,Pass
6048,Pass
6049,Pass
6050,Pass
6051,Pass
6052,Pass
6053,Pass
6054,Pass
6055,Pass
6056,Pass
6057,Pass
6058,Pass
6059,Pass
6060,Pass
6061,Pass
6062,Pass
6063,Pass
6064,Pass
6065,Pass
6066,Pass
6067,Pass
6068,Pass
6069,Pass
6070,Pass
6071,Pass
6072,Pass
6073,Pass
6074,Pass
6075,Pass
6076,Pass
6077,Pass
6078,Pass
6079,Pass
6080,Pass
6081,Pass
6082,Pass
6083,Pass
6084,Pass
6085,Pass
6086,Pass
6087,Pass
6088,Pass
6089,Pass
6090,Pass
6091,Pass
6092,Pass
6093,Pass
6094,Pass
6095,Pass
6096,Pass
6097,Pass
6098,Pass
6099,Pass
6100,Pass
6101,Pass
6102,Pass
6103,Pass
6104,Pass
6105,Pass
6106,Pass
6107,Pass
6108,Pass
6109,Pass
6110,Pass
6111,Pass
6112,Pass
6113,Pass
6114,Pass
6115,Pass
6116,Pass
6117,Pass
6118,Pass
6119,Pass
6120,Pass
6121,Pass
6122,Pass
6123,Pass
6124,Pass
6125,Pass
6126,Pass
6127,Pass
6128,Pass
6129,Pass
6130,Pass
6131,Pass
6132,Pass
6133,Pass
6134,Pass
6135,Pass
6136,Pass
6137,Pass
6138,Pass
6139,Pass
6140,Pass
6141,Pass
6142,Pass
6143,Pass
6144,Pass
6145,Pass
6146,Pass
6147,Pass
6148,Pass
6149,Pass
6150,Pass
6151,Pass
6152,Pass
6153,Pass
6154,Pass
6155,Pass
6156,Pass
6157,Pass
6158,Pass
6159,Pass
6160,Pass
6161,Pass
6162,Pass
6163,Pass
6164,Pass
6165,Pass
6166,Pass
6167,Pass
6168,Pass
6169,Pass
6170,Pass
6171,Pass
6172,Pass
6173,Pass
6174,Pass
6175,Pass
6176,Pass
6177,Pass
6178,Pass
6179,Pass
6180,Pass
6181,Pass
6182,Pass
6183,Pass
6184,Pass
6185,Pass
6186,Pass
6187,Pass
6188,Pass
6189,Pass
6190,Pass
6191,Pass
6192,Pass
6193,Pass
6194,Pass
6195,Pass
6196,Pass
6197,Pass
6198,Pass
6199,Pass
6200,Pass
6201,Pass
6202,Pass
6203,Pass
6204,Pass
6205,Pass
6206,Pass
6207,Pass
6208,Pass
6209,Pass
6210,Pass
6211,Pass
6212,Pass
6213,Pass
6214,Pass
6215,Pass
6216,Pass
6217,Pass
6218,Pass
6219,Pass
6220,Pass
6221,Pass
6222,Pass
6223,Pass
6224,Pass
6225,Pass
6226,Pass
6227,Pass
6228,Pass
6229,Pass
6230,Pass
6231,Pass
6232,Pass
6233,Pass
6234,Pass
6235,Pass
6236,Pass
6237,Pass
6238,Pass
6239,Pass
6240,Pass
6241,Pass
6242,Pass
6243,Pass
6244,Pass
6245,Pass
6246,Pass
6247,Pass
6248,Pass
6249,Pass
6250,Pass
6251,Pass
6252,Pass
6253,Pass
6254,Pass
6255,Pass
6256,Pass
6257,Pass
6258,Pass
6259,Pass
6260,Pass
6261,Pass
6262,Pass
6263,Pass
6264,Pass
6265,Pass
6266,Pass
6267,Pass
6268,Pass
6269,Pass
6270,Pass
6271,Pass
6272,Pass
6273,Pass
6274,Pass
6275,Pass
6276,Pass
6277,Pass
6278,Pass
6279,Pass
6280,Pass
6281,Pass
6282,Pass
6283,Pass
6284,Pass
6285,Pass
6286,Pass
6287,Pass
6288,Pass
6289,Pass
6290,Pass
6291,Pass
6292,Pass
6293,Pass
6294,Pass
6295,Pass
6296,Pass
6297,Pass
6298,Pass
6299,Pass
6300,Pass
6301,Pass
6302,Pass
6303,Pass
6304,Pass
6305,Pass
6306,Pass
6307,Pass
6308,Pass
6309,Pass
6310,Pass
6311,Pass
6312,Pass
6313,Pass
6314,Pass
6315,Pass
6316,Pass
6317,Pass
6318,Pass
6319,Pass
6320,Pass
6321,Pass
6322,Pass
6323,Pass
6324,Pass
6325,Pass
6326,Pass
6327,Pass
6328,Pass
6329,Pass
6330,Pass
6331,Pass
6332,Pass
6333,Pass
6334,Pass
6335,Pass
6336,Pass
6337,Pass
6338,Pass
6339,Pass
6340,Pass
6341,Pass
6342,Pass
6343,Pass
6344,Pass
6345,Pass
6346,Pass
6347,Pass
6348,Pass
6349,Pass
6350,Pass
6351,Pass
6352,Pass
6353,Pass
6354,Pass
6355,Pass
6356,Pass
6357,Pass
6358,Pass
6359,Pass
6360,Pass
6361,Pass
6362,Pass
6363,Pass
6364,Pass
6365,Pass
6366,Pass
6367,Pass
6368,Pass
6369,Pass
6370,Pass
6371,Pass
6372,Pass
6373,Pass
6374,Pass
6375,Pass
6376,Pass
6377,Pass
6378,Pass
6379,Pass
6380,Pass
6381,Pass
6382,Pass
6383,Pass
6384,Pass
6385,Pass
6386,Pass
6387,Pass
6388,Pass
6389,Pass
6390,Pass
6391,Pass
6392,Pass
6393,Pass
6394,Pass
6395,Pass
6396,Pass
6397,Pass
6398,Pass
6399,Pass
6400,Pass
6401,Pass
6402,Pass
6403,Pass
6404,Pass
6405,Pass
6406,Pass
6407,Pass
6408,Pass
6409,Pass
6410,Pass
6411,Pass
6412,Pass
6413,Pass
6414,Pass
6415,Pass
6416,Pass
6417,Pass
6418,Pass
6419,Pass
6420,Pass
6421,Pass
6422,Pass
6423,Pass
6424,Pass
6425,Pass
6426,Pass
6427,Pass
6428,Pass
6429,Pass
6430,Pass
6431,Pass
6432,Pass
6433,Pass
6434,Pass
6435,Pass
6436,Pass
6437,Pass
6438,Pass
6439,Pass
6440,Pass
6441,Pass
6442,Pass
6443,Pass
6444,Pass
6445,Pass
6446,Pass
6447,Pass
6448,Pass
6449,Pass
6450,Pass
6451,Pass
6452,Pass
6453,Pass
6454,Pass
6455,Pass
6456,Pass
6457,Pass
6458,Pass
6459,Pass
6460,Pass
6461,Pass
6462,Pass
6463,Pass
6464,Pass
6465,Pass
6466,Pass
6467,Pass
6468,Pass
6469,Pass
6470,Pass
6471,Pass
6472,Pass
6473,Pass
6474,Pass
6475,Pass
6476,Pass
6477,Pass
6478,Pass
6479,Pass
6480,Pass
6481,Pass
6482,Pass
6483,Pass
6484,Pass
6485,Pass
6486,Pass
6487,Pass
6488,Pass
6489,Pass
6490,Pass
6491,Pass
6492,Pass
6493,Pass
6494,Pass
6495,Pass
6496,Pass
6497,Pass
6498,Pass
6499,Pass
6500,Pass
6501,Pass
6502,Pass
6503,Pass
6504,Pass
6505,Pass
6506,Pass
6507,Pass
6508,Pass
6509,Pass
6510,Pass
6511,Pass
6512,Pass
6513,Pass
6514,Pass
6515,Pass
6516,Pass
6517,Pass
6518,Pass
6519,Pass
6520,Pass
6521,Pass
6522,Pass
6523,Pass
6524,Pass
6525,Pass
6526,Pass
6527,Pass
6528,Pass
6529,Pass
6530,Pass
6531,Pass
6532,Pass
6533,Pass
6534,Pass
6535,Pass
6536,Pass
6537,Pass
6538,Pass
6539,Pass
6540,Pass
6541,Pass
6542,Pass
6543,Pass
6544,Pass
6545,Pass
6546,Pass
6547,Pass
6548,Pass
6549,Pass
6550,Pass
6551,Pass
6552,Pass
6553,Pass
6554,Pass
6555,Pass
6556,Pass
6557,Pass
6558,Pass
6559,Pass
6560,Pass
6561,Pass
6562,Pass
6563,Pass
6564,Pass
6565,Pass
6566,Pass
6567,Pass
6568,Pass
6569,Pass
6570,Pass
6571,Pass
6572,Pass
6573,Pass
6574,Pass
6575,Pass
6576,Pass
6577,Pass
6578,Pass
6579,Pass
6580,Pass
6581,Pass
6582,Pass
6583,Pass
6584,Pass
6585,Pass
6586,Pass
6587,Pass
6588,Pass
6589,Pass
6590,Pass
6591,Pass
6592,Pass
6593,Pass
6594,Pass
6595,Pass
6596,Pass
6597,Pass
6598,Pass
6599,Pass
6600,Pass
6601,Pass
6602,Pass
6603,Pass
6604,Pass
6605,Pass
6606,Pass
6607,Pass
6608,Pass
6609,Pass
6610,Pass
6611,Pass
6612,Pass
6613,Pass
6614,Pass
6615,Pass
6616,Pass
6617,Pass
6618,Pass
6619,Pass
6620,Pass
6621,Pass
6622,Pass
6623,Pass
6624,Pass
6625,Pass
6626,Pass
6627,Pass
6628,Pass
6629,Pass
6630,Pass
6631,Pass
6632,Pass
6633,Pass
6634,Pass
6635,Pass
6636,Pass
6637,Pass
6638,Pass
6639,Pass
6640,Pass
6641,Pass
6642,Pass
6643,Pass
6644,Pass
6645,Pass
6646,Pass
6647,Pass
6648,Pass
6649,Pass
6650,Pass
6651,Pass
6652,Pass
6653,Pass
6654,Pass
6655,Pass
6656,Pass
6657,Pass
6658,Pass
6659,Pass
6660,Pass
6661,Pass
6662,Pass
6663,Pass
6664,Pass
6665,Pass
6666,Pass
6667,Pass
6668,Pass
6669,Pass
6670,Pass
6671,Pass
6672,Pass
6673,Pass
6674,Pass
6675,Pass
6676,Pass
6677,Pass
6678,Pass
6679,Pass
6680,Pass
6681,Pass
6682,Pass
6683,Pass
6684,Pass
6685,Pass
6686,Pass
6687,Pass
6688,Pass
6689,Pass
6690,Pass
6691,Pass
6692,Pass
6693,Pass
6694,Pass
6695,Pass
6696,Pass
6697,Pass
6698,Pass
6699,Pass
6700,Pass
6701,Pass
6702,Pass
6703,Pass
6704,Pass
6705,Pass
6706,Pass
6707,Pass
6708,Pass
6709,Pass
6710,Pass
6711,Pass
6712,Pass
6713,Pass
6714,Pass
6715,Pass
6716,Pass
6717,Pass
6718,Pass
6719,Pass
6720,Pass
6721,Pass
6722,Pass
6723,Pass
6724,Pass
6725,Pass
6726,Pass
6727,Pass
6728,Pass
6729,Pass
6730,Pass
6731,Pass
6732,Pass
6733,Pass
6734,Pass
6735,Pass
6736,Pass
6737,Pass
6738,Pass
6739,Pass
6740,Pass
6741,Pass
6742,Pass
6743,Pass
6744,Pass
6745,Pass
6746,Pass
6747,Pass
6748,Pass
6749,Pass
6750,Pass
6751,Pass
6752,Pass
6753,Pass
6754,Pass
6755,Pass
6756,Pass
6757,Pass
6758,Pass
6759,Pass
6760,Pass
6761,Pass
6762,Pass
6763,Pass
6764,Pass
6765,Pass
6766,Pass
6767,Pass
6768,Pass
6769,Pass
6770,Pass
6771,Pass
6772,Pass
6773,Pass
6774,Pass
6775,Pass
6776,Pass
6777,Pass
6778,Pass
6779,Pass
6780,Pass
6781,Pass
6782,Pass
6783,Pass
6784,Pass
6785,Pass
6786,Pass
6787,Pass
6788,Pass
6789,Pass
6790,Pass
6791,Pass
6792,Pass
6793,Pass
6794,Pass
6795,Pass
6796,Pass
6797,Pass
6798,Pass
6799,Pass
6800,Pass
6801,Pass
6802,Pass
6803,Pass
6804,Pass
6805,Pass
6806,Pass
6807,Pass
6808,Pass
6809,Pass
6810,Pass
6811,Pass
6812,Pass
6813,Pass
6814,Pass
6815,Pass
6816,Pass
6817,Pass
6818,Pass
6819,Pass
6820,Pass
6821,Pass
6822,Pass
6823,Pass
6824,Pass
6825,Pass
6826,Pass
6827,Pass
6828,Pass
6829,Pass
6830,Pass
6831,Pass
6832,Pass
6833,Pass
6834,Pass
6835,Pass
6836,Pass
6837,Pass
6838,Pass
6839,Pass
6840,Pass
6841,Pass
6842,Pass
6843,Pass
6844,Pass
6845,Pass
6846,Pass
6847,Pass
6848,Pass
6849,Pass
6850,Pass
6851,Pass
6852,Pass
6853,Pass
6854,Pass
6855,Pass
6856,Pass
6857,Pass
6858,Pass
6859,Pass
6860,Pass
6861,Pass
6862,Pass
6863,Pass
6864,Pass
6865,Pass
6866,Pass
6867,Pass
6868,Pass
6869,Pass
6870,Pass
6871,Pass
6872,Pass
6873,Pass
6874,Pass
6875,Pass
6876,Pass
6877,Pass
6878,Pass
6879,Pass
6880,Pass
6881,Pass
6882,Pass
6883,Pass
6884,Pass
6885,Pass
6886,Pass
6887,Pass
6888,Pass
6889,Pass
6890,Pass
6891,Pass
6892,Pass
6893,Pass
6894,Pass
6895,Pass
6896,Pass
6897,Pass
6898,Pass
6899,Pass
6900,Pass
6901,Pass
6902,Pass
6903,Pass
6904,Pass
6905,Pass
6906,Pass
6907,Pass
6908,Pass
6909,Pass
6910,Pass
6911,Pass
6912,Pass
6913,Pass
6914,Pass
6915,Pass
6916,Pass
6917,Pass
6918,Pass
6919,Pass
6920,Pass
6921,Pass
6922,Pass
6923,Pass
6924,Pass
6925,Pass
6926,Pass
6927,Pass
6928,Pass
6929,Pass
6930,Pass
6931,Pass
6932,Pass
6933,Pass
6934,Pass
6935,Pass
6936,Pass
6937,Pass
6938,Pass
6939,Pass
6940,Pass
6941,Pass
6942,Pass
6943,Pass
6944,Pass
6945,Pass
6946,Pass
6947,Pass
6948,Pass
6949,Pass
6950,Pass
6951,Pass
6952,Pass
6953,Pass
6954,Pass
6955,Pass
6956,Pass
6957,Pass
6958,Pass
6959,Pass
6960,Pass
6961,Pass
6962,Pass
6963,Pass
6964,Pass
6965,Pass
6966,Pass
6967,Pass
6968,Pass
6969,Pass
6970,Pass
6971,Pass
6972,Pass
6973,Pass
6974,Pass
6975,Pass
6976,Pass
6977,Pass
6978,Pass
6979,Pass
6980,Pass
6981,Pass
6982,Pass
6983,Pass
6984,Pass
6985,Pass
6986,Pass
6987,Pass
6988,Pass
6989,Pass
6990,Pass
6991,Pass
6992,Pass
6993,Pass
6994,Pass
6995,Pass
6996,Pass
6997,Pass
6998,Pass
6999,Pass
7000,Pass
7001,Pass
7002,Pass
7003,Pass
7004,Pass
7005,Pass
7006,Pass
7007,Pass
7008,Pass
7009,Pass
7010,Pass
7011,Pass
7012,Pass
7013,Pass
7014,Pass
7015,Pass
7016,Pass
7017,Pass
7018,Pass
7019,Pass
7020,Pass
7021,Pass
7022,Pass
7023,Pass
7024,Pass
7025,Pass
7026,Pass
7027,Pass
7028,Pass
7029,Pass
7030,Pass
7031,Pass
7032,Pass
7033,Pass
7034,Pass
7035,Pass
7036,Pass
7037,Pass
7038,Pass
7039,Pass
7040,Pass
7041,Pass
7042,Pass
7043,Pass
7044,Pass
7045,Pass
7046,Pass
7047,Pass
7048,Pass
7049,Pass
7050,Pass
7051,Pass
7052,Pass
7053,Pass
7054,Pass
7055,Pass
7056,Pass
7057,Pass
7058,Pass
7059,Pass
7060,Pass
7061,Pass
7062,Pass
7063,Pass
7064,Pass
7065,Pass
7066,Pass
7067,Pass
7068,Pass
7069,Pass
7070,Pass
7071,Pass
7072,Pass
7073,Pass
7074,Pass
7075,Pass
7076,Pass
7077,Pass
7078,Pass
7079,Pass
7080,Pass
7081,Pass
7082,Pass
7083,Pass
7084,Pass
7085,Pass
7086,Pass
7087,Pass
7088,Pass
7089,Pass
7090,Pass
7091,Pass
7092,Pass
7093,Pass
7094,Pass
7095,Pass
7096,Pass
7097,Pass
7098,Pass
7099,Pass
7100,Pass
7101,Pass
7102,Pass
7103,Pass
7104,Pass
7105,Pass
7106,Pass
7107,Pass
7108,Pass
7109,Pass
7110,Pass
7111,Pass
7112,Pass
7113,Pass
7114,Pass
7115,Pass
7116,Pass
7117,Pass
7118,Pass
7119,Pass
7120,Pass
7121,Pass
7122,Pass
7123,Pass
7124,Pass
7125,Pass
7126,Pass
7127,Pass
7128,Pass
7129,Pass
7130,Pass
7131,Pass
7132,Pass
7133,Pass
7134,Pass
7135,Pass
7136,Pass
7137,Pass
7138,Pass
7139,Pass
7140,Pass
7141,Pass
7142,Pass
7143,Pass
7144,Pass
7145,Pass
7146,Pass
7147,Pass
7148,Pass
7149,Pass
7150,Pass
7151,Pass
7152,Pass
7153,Pass
7154,Pass
7155,Pass
7156,Pass
7157,Pass
7158,Pass
7159,Pass
7160,Pass
7161,Pass
7162,Pass
7163,Pass
7164,Pass
7165,Pass
7166,Pass
7167,Pass
7168,Pass
7169,Pass
7170,Pass
7171,Pass
7172,Pass
7173,Pass
7174,Pass
7175,Pass
7176,Pass
7177,Pass
7178,Pass
7179,Pass
7180,Pass
7181,Pass
7182,Pass
7183,Pass
7184,Pass
7185,Pass
7186,Pass
7187,Pass
7188,Pass
7189,Pass
7190,Pass
7191,Pass
7192,Pass
7193,Pass
7194,Pass
7195,Pass
7196,Pass
7197,Pass
7198,Pass
7199,Pass
7200,Pass
7201,Pass
7202,Pass
7203,Pass
7204,Pass
7205,Pass
7206,Pass
7207,Pass
7208,Pass
7209,Pass
7210,Pass
7211,Pass
7212,Pass
7213,Pass
7214,Pass
7215,Pass
7216,Pass
7217,Pass
7218,Pass
7219,Pass
7220,Pass
7221,Pass
7222,Pass
7223,Pass
7224,Pass
7225,Pass
7226,Pass
7227,Pass
7228,Pass
7229,Pass
7230,Pass
7231,Pass
7232,Pass
7233,Pass
7234,Pass
7235,Pass
7236,Pass
7237,Pass
7238,Pass
7239,Pass
7240,Pass
7241,Pass
7242,Pass
7243,Pass
7244,Pass
7245,Pass
7246,Pass
7247,Pass
7248,Pass
7249,Pass
7250,Pass
7251,Pass
7252,Pass
7253,Pass
7254,Pass
7255,Pass
7256,Pass
7257,Pass
7258,Pass
7259,Pass
7260,Pass
7261,Pass
7262,Pass
7263,Pass
7264,Pass
7265,Pass
7266,Pass
7267,Pass
7268,Pass
7269,Pass
7270,Pass
7271,Pass
7272,Pass
7273,Pass
7274,Pass
7275,Pass
7276,Pass
7277,Pass
7278,Pass
7279,Pass
7280,Pass
7281,Pass
7282,Pass
7283,Pass
7284,Pass
7285,Pass
7286,Pass
7287,Pass
7288,Pass
7289,Pass
7290,Pass
7291,Pass
7292,Pass
7293,Pass
7294,Pass
7295,Pass
7296,Pass
7297,Pass
7298,Pass
7299,Pass
7300,Pass
7301,Pass
7302,Pass
7303,Pass
7304,Pass
7305,Pass
7306,Pass
7307,Pass
7308,Pass
7309,Pass
7310,Pass
7311,Pass
7312,Pass
7313,Pass
7314,Pass
7315,Pass
7316,Pass
7317,Pass
7318,Pass
7319,Pass
7320,Pass
7321,Pass
7322,Pass
7323,Pass
7324,Pass
7325,Pass
7326,Pass
7327,Pass
7328,Pass
7329,Pass
7330,Pass
7331,Pass
7332,Pass
7333,Pass
7334,Pass
7335,Pass
7336,Pass
7337,Pass
7338,Pass
7339,Pass
7340,Pass
7341,Pass
7342,Pass
7343,Pass
7344,Pass
7345,Pass
7346,Pass
7347,Pass
7348,Pass
7349,Pass
7350,Pass
7351,Pass
7352,Pass
7353,Pass
7354,Pass
7355,Pass
7356,Pass
7357,Pass
7358,Pass
7359,Pass
7360,Pass
7361,Pass
7362,Pass
7363,Pass
7364,Pass
7365,Pass
7366,Pass
7367,Pass
7368,Pass
7369,Pass
7370,Pass
7371,Pass
7372,Pass
7373,Pass
7374,Pass
7375,Pass
7376,Pass
7377,Pass
7378,Pass
7379,Pass
7380,Pass
7381,Pass
7382,Pass
7383,Pass
7384,Pass
7385,Pass
7386,Pass
7387,Pass
7388,Pass
7389,Pass
7390,Pass
7391,Pass
7392,Pass
7393,Pass
7394,Pass
7395,Pass
7396,Pass
7397,Pass
7398,Pass
7399,Pass
7400,Pass
7401,Pass
7402,Pass
7403,Pass
7404,Pass
7405,Pass
7406,Pass
7407,Pass
7408,Pass
7409,Pass
7410,Pass
7411,Pass
7412,Pass
7413,Pass
7414,Pass
7415,Pass
7416,Pass
7417,Pass
7418,Pass
7419,Pass
7420,Pass
7421,Pass
7422,Pass
7423,Pass
7424,Pass
7425,Pass
7426,Pass
7427,Pass
7428,Pass
7429,Pass
7430,Pass
7431,Pass
7432,Pass
7433,Pass
7434,Pass
7435,Pass
7436,Pass
7437,Pass
7438,Pass
7439,Pass
7440,Pass
7441,Pass
7442,Pass
7443,Pass
7444,Pass
7445,Pass
7446,Pass
7447,Pass
7448,Pass
7449,Pass
7450,Pass
7451,Pass
7452,Pass
7453,Pass
7454,Pass
7455,Pass
7456,Pass
7457,Pass
7458,Pass
7459,Pass
7460,Pass
7461,Pass
7462,Pass
7463,Pass
7464,Pass
7465,Pass
7466,Pass
7467,Pass
7468,Pass
7469,Pass
7470,Pass
7471,Pass
7472,Pass
7473,Pass
7474,Pass
7475,Pass
7476,Pass
7477,Pass
7478,Pass
7479,Pass
7480,Pass
7481,Pass
7482,Pass
7483,Pass
7484,Pass
7485,Pass
7486,Pass
7487,Pass
7488,Pass
7489,Pass
7490,Pass
7491,Pass
7492,Pass
7493,Pass
7494,Pass
7495,Pass
7496,Pass
7497,Pass
7498,Pass
7499,Pass
7500,Pass
7501,Pass
7502,Pass
7503,Pass
7504,Pass
7505,Pass
7506,Pass
7507,Pass
7508,Pass
7509,Pass
7510,Pass
7511,Pass
7512,Pass
7513,Pass
7514,Pass
7515,Pass
7516,Pass
7517,Pass
7518,Pass
7519,Pass
7520,Pass
7521,Pass
7522,Pass
7523,Pass
7524,Pass
7525,Pass
7526,Pass
7527,Pass
7528,Pass
7529,Pass
7530,Pass
7531,Pass
7532,Pass
7533,Pass
7534,Pass
7535,Pass
7536,Pass
7537,Pass
7538,Pass
7539,Pass
7540,Pass
7541,Pass
7542,Pass
7543,Pass
7544,Pass
7545,Pass
7546,Pass
7547,Pass
7548,Pass
7549,Pass
7550,Pass
7551,Pass
7552,Pass
7553,Pass
7554,Pass
7555,Pass
7556,Pass
7557,Pass
7558,Pass
7559,Pass
7560,Pass
7561,Pass
7562,Pass
7563,Pass
7564,Pass
7565,Pass
7566,Pass
7567,Pass
7568,Pass
7569,Pass
7570,Pass
7571,Pass
7572,Pass
7573,Pass
7574,Pass
7575,Pass
7576,Pass
7577,Pass
7578,Pass
7579,Pass
7580,Pass
7581,Pass
7582,Pass
7583,Pass
7584,Pass
7585,Pass
7586,Pass
7587,Pass
7588,Pass
7589,Pass
7590,Pass
7591,Pass
7592,Pass
7593,Pass
7594,Pass
7595,Pass
7596,Pass
7597,Pass
7598,Pass
7599,Pass
7600,Pass
7601,Pass
7602,Pass
7603,Pass
7604,Pass
7605,Pass
7606,Pass
7607,Pass
7608,Pass
7609,Pass
7610,Pass
7611,Pass
7612,Pass
7613,Pass
7614,Pass
7615,Pass
7616,Pass
7617,Pass
7618,Pass
7619,Pass
7620,Pass
7621,Pass
7622,Pass
7623,Pass
7624,Pass
7625,Pass
7626,Pass
7627,Pass
7628,Pass
7629,Pass
7630,Pass
7631,Pass
7632,Pass
7633,Pass
7634,Pass
7635,Pass
7636,Pass
7637,Pass
7638,Pass
7639,Pass
7640,Pass
7641,Pass
7642,Pass
7643,Pass
7644,Pass
7645,Pass
7646,Pass
7647,Pass
7648,Pass
7649,Pass
7650,Pass
7651,Pass
7652,Pass
7653,Pass
7654,Pass
7655,Pass
7656,Pass
7657,Pass
7658,Pass
7659,Pass
7660,Pass
7661,Pass
7662,Pass
7663,Pass
7664,Pass
7665,Pass
7666,Pass
7667,Pass
7668,Pass
7669,Pass
7670,Pass
7671,Pass
7672,Pass
7673,Pass
7674,Pass
7675,Pass
7676,Pass
7677,Pass
7678,Pass
7679,Pass
7680,Pass
7681,Pass
7682,Pass
7683,Pass
7684,Pass
7685,Pass
7686,Pass
7687,Pass
7688,Pass
7689,Pass
7690,Pass
7691,Pass
7692,Pass
7693,Pass
7694,Pass
7695,Pass
7696,Pass
7697,Pass
7698,Pass
7699,Pass
7700,Pass
7701,Pass
7702,Pass
7703,Pass
7704,Pass
7705,Pass
7706,Pass
7707,Pass
7708,Pass
7709,Pass
7710,Pass
7711,Pass
7712,Pass
7713,Pass
7714,Pass
7715,Pass
7716,Pass
7717,Pass
7718,Pass
7719,Pass
7720,Pass
7721,Pass
7722,Pass
7723,Pass
7724,Pass
7725,Pass
7726,Pass
7727,Pass
7728,Pass
7729,Pass
7730,Pass
7731,Pass
7732,Pass
7733,Pass
7734,Pass
7735,Pass
7736,Pass
7737,Pass
7738,Pass
7739,Pass
7740,Pass
7741,Pass
7742,Pass
7743,Pass
7744,Pass
7745,Pass
7746,Pass
7747,Pass
7748,Pass
7749,Pass
7750,Pass
7751,Pass
7752,Pass
7753,Pass
7754,Pass
7755,Pass
7756,Pass
7757,Pass
7758,Pass
7759,Pass
7760,Pass
7761,Pass
7762,Pass
7763,Pass
7764,Pass
7765,Pass
7766,Pass
7767,Pass
7768,Pass
7769,Pass
7770,Pass
7771,Pass
7772,Pass
7773,Pass
7774,Pass
7775,Pass
7776,Pass
7777,Pass
7778,Pass
7779,Pass
7780,Pass
7781,Pass
7782,Pass
7783,Pass
7784,Pass
7785,Pass
7786,Pass
7787,Pass
7788,Pass
7789,Pass
7790,Pass
7791,Pass
7792,Pass
7793,Pass
7794,Pass
7795,Pass
7796,Pass
7797,Pass
7798,Pass
7799,Pass
7800,Pass
7801,Pass
7802,Pass
7803,Pass
7804,Pass
7805,Pass
7806,Pass
7807,Pass
7808,Pass
7809,Pass
7810,Pass
7811,Pass
7812,Pass
7813,Pass
7814,Pass
7815,Pass
7816,Pass
7817,Pass
7818,Pass
7819,Pass
7820,Pass
7821,Pass
7822,Pass
7823,Pass
7824,Pass
7825,Pass
7826,Pass
7827,Pass
7828,Pass
7829,Pass
7830,Pass
7831,Pass
7832,Pass
7833,Pass
7834,Pass
7835,Pass
7836,Pass
7837,Pass
7838,Pass
7839,Pass
7840,Pass
7841,Pass
7842,Pass
7843,Pass
7844,Pass
7845,Pass
7846,Pass
7847,Pass
7848,Pass
7849,Pass
7850,Pass
7851,Pass
7852,Pass
7853,Pass
7854,Pass
7855,Pass
7856,Pass
7857,Pass
7858,Pass
7859,Pass
7860,Pass
7861,Pass
7862,Pass
7863,Pass
7864,Pass
7865,Pass
7866,Pass
7867,Pass
7868,Pass
7869,Pass
7870,Pass
7871,Pass
7872,Pass
7873,Pass
7874,Pass
7875,Pass
7876,Pass
7877,Pass
7878,Pass
7879,Pass
7880,Pass
7881,Pass
7882,Pass
7883,Pass
7884,Pass
7885,Pass
7886,Pass
7887,Pass
7888,Pass
7889,Pass
7890,Pass
7891,Pass
7892,Pass
7893,Pass
7894,Pass
7895,Pass
7896,Pass
7897,Pass
7898,Pass
7899,Pass
7900,Pass
7901,Pass
7902,Pass
7903,Pass
7904,Pass
7905,Pass
7906,Pass
7907,Pass
7908,Pass
7909,Pass
7910,Pass
7911,Pass
7912,Pass
7913,Pass
7914,Pass
7915,Pass
7916,Pass
7917,Pass
7918,Pass
7919,Pass
7920,Pass
7921,Pass
7922,Pass
7923,Pass
7924,Pass
7925,Pass
7926,Pass
7927,Pass
7928,Pass
7929,Pass
7930,Pass
7931,Pass
7932,Pass
7933,Pass
7934,Pass
7935,Pass
7936,Pass
7937,Pass
7938,Pass
7939,Pass
7940,Pass
7941,Pass
7942,Pass
7943,Pass
7944,Pass
7945,Pass
7946,Pass
7947,Pass
7948,Pass
7949,Pass
7950,Pass
7951,Pass
7952,Pass
7953,Pass
7954,Pass
7955,Pass
7956,Pass
7957,Pass
7958,Pass
7959,Pass
7960,Pass
7961,Pass
7962,Pass
7963,Pass
7964,Pass
7965,Pass
7966,Pass
7967,Pass
7968,Pass
7969,Pass
7970,Pass
7971,Pass
7972,Pass
7973,Pass
7974,Pass
7975,Pass
7976,Pass
7977,Pass
7978,Pass
7979,Pass
7980,Pass
7981,Pass
7982,Pass
7983,Pass
7984,Pass
7985,Pass
7986,Pass
7987,Pass
7988,Pass
7989,Pass
7990,Pass
7991,Pass
7992,Pass
7993,Pass
7994,Pass
7995,Pass
7996,Pass
7997,Pass
7998,Pass
7999,Pass
8000,Pass
8001,Pass
8002,Pass
8003,Pass
8004,Pass
8005,Pass
8006,Pass
8007,Pass
8008,Pass
8009,Pass
8010,Pass
8011,Pass
8012,Pass
8013,Pass
8014,Pass
8015,Pass
8016,Pass
8017,Pass
8018,Pass
8019,Pass
8020,Pass
8021,Pass
8022,Pass
8023,Pass
8024,Pass
8025,Pass
8026,Pass
8027,Pass
8028,Pass
8029,Pass
8030,Pass
8031,Pass
8032,Pass
8033,Pass
8034,Pass
8035,Pass
8036,Pass
8037,Pass
8038,Pass
8039,Pass
8040,Pass
8041,Pass
8042,Pass
8043,Pass
8044,Pass
8045,Pass
8046,Pass
8047,Pass
8048,Pass
8049,Pass
8050,Pass
8051,Pass
8052,Pass
8053,Pass
8054,Pass
8055,Pass
8056,Pass
8057,Pass
8058,Pass
8059,Pass
8060,Pass
8061,Pass
8062,Pass
8063,Pass
8064,Pass
8065,Pass
8066,Pass
8067,Pass
8068,Pass
8069,Pass
8070,Pass
8071,Pass
8072,Pass
8073,Pass
8074,Pass
8075,Pass
8076,Pass
8077,Pass
8078,Pass
8079,Pass
8080,Pass
8081,Pass
8082,Pass
8083,Pass
8084,Pass
8085,Pass
8086,Pass
8087,Pass
8088,Pass
8089,Pass
8090,Pass
8091,Pass
8092,Pass
8093,Pass
8094,Pass
8095,Pass
8096,Pass
8097,Pass
8098,Pass
8099,Pass
8100,Pass
8101,Pass
8102,Pass
8103,Pass
8104,Pass
8105,Pass
8106,Pass
8107,Pass
8108,Pass
8109,Pass
8110,Pass
8111,Pass
8112,Pass
8113,Pass
8114,Pass
8115,Pass
8116,Pass
8117,Pass
8118,Pass
8119,Pass
8120,Pass
8121,Pass
8122,Pass
8123,Pass
8124,Pass
8125,Pass
8126,Pass
8127,Pass
8128,Pass
8129,Pass
8130,Pass
8131,Pass
8132,Pass
8133,Pass
8134,Pass
8135,Pass
8136,Pass
8137,Pass
8138,Pass
8139,Pass
8140,Pass
8141,Pass
8142,Pass
8143,Pass
8144,Pass
8145,Pass
8146,Pass
8147,Pass
8148,Pass
